Product Name,Product Name,Product Name,Seller,Other,Product Name,Price,Min. Order,Description,Description,Price,Other,Other,Rating,Other,Seller,Seller,Description,Price,Color,Description,Description,Description,Product Name,Price,Description,Product Name,Product Category
"Qf-2g1 Gas Valve Brass Valves For Oxygen Cylinder - Buy Qf-2g1 Gas Valve,Brass Valves For Oxygen Cylinder Product on Alibaba.com",brass gas valve,QF-2G1 Gas Valve Brass Valves for Oxygen Cylinder,"LINYI LISHAN MECHANICAL GROUP CO.,LTD.",8 yrs,,,,,300000 Piece/Pieces per   Week,,,,With photos/videos (8)   5 stars (127)   4 stars (7)   3 stars (5)   1 star (1),"K     K***h      Jan 6, 2023                                                           The quality of the Co2 fire extinguisher is very good, our customers are very happy with that.
We will buy next time.       S     S***N       Dec 7, 2022                                                           Nice products                  TIG200 DC welding machine JASIC brand welder          K     K***h      Jul 18, 2022                                                           The cryogenic cylinder is very good, I am very satisfied.","LINYI LISHAN MECHANICAL GROUP CO.,LTD.",,,,9 Size;   1 Material;   1 Pressure.,Start order request    Contact supplier,Oxygen Cylinder   $1.00   Min. order:1 piece          50 liter oxygen cylinder refill with O2 gas with  working pressure 150 bar   $47.00 - $50.00   Min. order:300 pieces          Industrial carbon dioxide 40L cylinders   $30.00 - $60.00   Min. order:100.0 units          10L 20L 40L 50L medical or industrial use High Pressure oxygen cylinder gas bottle empty oxygen bottle   $30.00 - $100.00   Min. order:2 pieces          QF-10 Valve for Gas Cylinder   $6.44 - $7.36   Min. order:100 pieces,,"Customized Multiple Specifications of 3/5/7/9/12.5kg LPG Cylinders Export to South America, Africa, and Southeast Asia",$30.00 - $50.00,Min. order:100 pieces,valve   fireplace gas valve   natural gas valve   lpg valve   lpg gas valve   propane gas valve   modulating gas valve   honeywell gas valve   bbq gas valve   laite gas valve,Tools & Hardware         Valves          Valves         Angle valves
"Fixtec Cordless Drill Wireless Combo Kit 60pcs Accessories Battery Drilling Machine With Case - Buy Cordless Combo Kit,Battery Drilling Machine,Cordless Drill Combo Kit With Case Product on Alibaba.com",cordless drill,FIXTEC Cordless Drill Wireless Combo Kit 60pcs Accessories Battery Drilling Machine with Case,"EBIC Tools Co., Ltd.",13 yrs,FIXTEC Smart Hand Tools Set Hardware Tool Kit Workshop Home Hardware Tools,$21.53,Min. order:4 units,"Warranty    1 Year        Voltage    12V        Drill Type    Mini Drill, Cordless Drill        Power Source    Battery",50000 Unit/Units per   Month,,Min. order: 500,Min. order: 500,With photos/videos (2)   5 stars (423)   4 stars (9),"Q     Q***a      Sep 26, 2023                                                           I'm pleased with the quality and the color, nice tools!   Reviews with 7 repeated content are hidden       FIXTEC Steel Wood Cutting Machine Table Saw Jig 20V Electric Cordless Jig Saw with Battery and Charger          a     a***s      Jun 6, 2023                                                           Bien reçu, de Kinshasa RDC Congo eloko ya makasi.       FIXTEC 180MM Powerful Stone Woodworking Angle Grinder China          C     C***o      Dec 2, 2023                                                           good   Reviews with 3 repeated content are hidden       FIXTEC Battery Operated Tool Grinder 115mm 20V Angle Grinder Set With Batteries & Canvas Bag","EBIC Tools Co., Ltd.",Brand holder   13 yrs,"Registered trademarks (1)       Store rating   4.8/5     On-time delivery rate   100.0%     Response time   ≤3h     Online revenue   $1,200,000+       Services    Minor customization      Quality control    Quality traceability     Warranty available",>= 5 units    $22.50,1 Color.,Start order request    Contact supplier,FIXTEC 100mm/115mm/125mm/180mm/230mm 4 Inch 4-1/2 inch 5inch Cordless Electric Angle Grinders from China   $11.80   Min. order:6 pieces          FIXTEC 234PCS Household Car Repair Box Hand Socket Wrench Set Of Hardware Tools Complete Car Tool Box Set   $19.90   Min. order:4 pieces          FIXTEC Drill Machine Set Hand Tools and Power Tools   $25.00   Min. order:5 pieces          FIXTEC Industrial Power Tools 12V Electric Cordless Drill Kit with Cordless Drill   $25.50   Min. order:5 pieces          FIXTEC12V Hand Cordless Drill Combo Tool Kit with 60PCS Accessories Electrical Tool Kits For Sale   $22.50   Min. order:5 pieces,FIXTEC Professional Portable Car Drill 32N.m 20V Cordless Electric Screwdriver and Drill   $20.00   Min. order:5 sets          FIXTEC 13mm High Frequency Electric Rechargeable Cordless Impact Drill Machine Hammer Drill Power Tools   $49.00   Min. order:5 units          FIXTEC High Quality Power Tools SDS Plus Demolition Breaker Electric Jack Hammer Drill   $30.00   Min. order:5 pieces          FIXTEC Electric Work Tools Li-Ion Battery Electric Cordless Power Tools Construction Tools   $22.50   Min. order:5 pieces          FIXTEC Power Tools 1500W 8' Sliding Electric Mitre Saw / Miter Saw   $53.50   Min. order:4 pieces          FIXTEC Gas Generation Equipment Portable 800W Electric Portable Mini Gasoline Generators   $72.30   Min. order:5 sets          FIXTEC Portable Tree Cutting Cordless Electric Battery Powered Chain Saw Mini Chain Saw Machines   $24.50   Min. order:2 sets          FIXTEC Industrial Quality CE Rechargeable Battery Operated Cordless Electric Screwdrivers With Blow Mold Case   $12.10   Min. order:10 pieces,FIXTEC Power Tool Wrenches 20V Brushless 1/2'' Electric Impact Wrench Cordless,$20.80 - $25.80,Min. order:10 pieces,makita combo kit   milwaukee combo kit   drill combo kit   milwaukee 18v combo kit   dewalt combo kit   makita kit   2 ton floor jack combo kit   makita 18v combo kit   cctv dvr combo kit   dewalt 18v combo kits,Tools & Hardware         Power Tools         Power Drills
"Voiern Factory Agent 5040 4040 40w 50w Work Area 400x400mm Iphone Laser Engraving Machine - Buy Voiern 4040 40w 50w 60w 80w 100w Co2 Mini Laser Engraving Machine Price,Voiern 4040 40w 50w 60w 80w 100w Cnc Mini Co2 Laser Cutting Machine Price,Voiern 4040 40w 50w 60w 80w 100w 3d Mini Laser Marking Machine Price Product on Alibaba.com",cnc laser co2,voiern factory agent 5040 4040 40w 50w work area 400x400mm iphone laser engraving machine,"Liaocheng Voiern Laser Technology Co., Ltd.",9 yrs,Voiern 3w 5w 20w 30w 50w 100w 3d fiber laser marking machine and fiber laser marker for metal nonmetal with MAX JPT RAYCUS,"$1,300.00 - $1,350.00",,"Engraving Area    400x400mm        Laser Type    CO2        Engraving Speed    1-1500mm/s        Graphic Format Supported    AI, PLT, DXF, BMP, Dst, Dwg, LAS, DXP        Cooling Mode    WATER COOLING",,$1.00/set,,Min. order: 10,With photos/videos (3)   5 stars (9)   4 stars (1),"M     M***k      Dec 2, 2023                                                        Best Supplier           A     A***o       Dec 2, 2023                                                        Excellent equipment, I am very happy with this purchase      A     A***t       Dec 1, 2023                                                        Easy to communicate & understandFriendly & helpfulThe order was fully compliantWilling to resolve issuesVery professional","Liaocheng Voiern Laser Technology Co., Ltd.",Custom manufacturer   9 yrs,"Registered trademarks (1)       Store rating   4.8/5     On-time delivery rate   98.7%     Response time   ≤3h     Online revenue   $1,400,000+     Floorspace   20217m²     Staff   84       Services    Design-based customization     Sample-based customization      Quality control    Finished product inspection     QA/QC inspectors (2)        Order with confidence      Verified as Custom Manufacturer      Recognized as Verified Pro Supplier",1 - 4 sets    $560.00      >= 5 sets    $430.00,2 Power;   1 Model Number.,,"6090 co2  Laser engraving machine for wood/bottle keyboard/ glass bottle fabric laser cutting machine hot sell   $835.00 - $865.00   Min. order:1 set          2022 new type 50w 60w 80w 100w 130w 4060 6090 1390 co2 laser engraving machine for cutting wood plastic acrylic leather rubber   $550.00 - $600.00   Min. order:1 set          6040 50W 60W 100W 4060 Laser Engraver Wood Laser Cutting Machine, CO2 Acrylic Laser Engraving Machine   $550.00 - $600.00   Min. order:1 set          Advertising industry cnc 1325 CO2 150W 300W laser cutting machine with UV printer to cut thick 30mm acrylic plywood wood   $2,000.00 - $2,100.00   Min. order:1 set          60w 80W 100w CO2 Laser Engraver Engraving Cutting Machine 600*400mm with Rotary Axis 3d laser engraving machine   $500.00 - $550.00   Min. order:1 set","Special best selling small metal laser engraving machine   $459.00 - $499.00   Min. order:1 set          New 7050 50w  laser cutting machine 5070 Co2 laser engraving machine for  leather   $615.00 - $1,250.00   Min. order:1 set          CNC desktop laser engraver laser cutter Co2 portable wood engraving machine for wood acrylic fabric paper   $500.00 - $550.00   Min. order:1 set          New model easy to use k40 laser cutter rubber stamp laser engraving machine compact laser engraver machine   $500.00 - $650.00   Min. order:1 set          voiern 4040 m2 40w 50w 60w work area 400x400mm dog tag laser engraving machine   $490.00   Min. order:1 set          900 * 600mmCO2 laser cutting machine for cutting the fabric, organic glass and other non-metallic materials   $760.00 - $1,080.00   Min. order:1 set          voiern 4040 40w 50w work area 400x400mm ring laser engraving machine   $430.00 - $580.00   Min. order:1 set          CHILLER CW5200 S&A  CW5000 CW5202 CW6000 CW6300   $290.00 - $310.00   Min. order:1.0 set",VOIERN 9060/1310 Co2 inner slide  laser engraving machine/wood laser cutting machine 100W,"$2,000.00 - $2,500.00",Min. order:1 set,,Industrial Machinery         Industry Laser Equipment         Laser Engraving Machines
"Heavy Duty Steel Storage Tool Cabinet With Wheel For Sale - Buy Tool Cabinet,Steel Tool Cabinet,Steel Storage Cabinets With Wheels Product on Alibaba.com",tool cabinet,Heavy duty steel storage tool cabinet with wheel for sale,"Qingdao Desing Farm Technology Co., Ltd.",9 yrs,,,,Material    Iron        Size    2850*700*950mm,1000 Set/Sets per   Month According to your requirement,,,,,,"Qingdao Desing Farm Technology Co., Ltd.",Custom manufacturer   9 yrs,Store rating   -     On-time delivery rate   100.0%     Response time   ≤14h     Online revenue   -     Floorspace   9000m²     Staff   31       Services    Design-based customization     Sample-based customization      Quality control    Finished product inspection     QA/QC inspectors (3)        Order with confidence      Verified as Custom Manufacturer,,,Start order request    Contact supplier,"Big tents for events cheap wedding party tent for sale   $200.00 - $280.00   Min. order:5 pieces          Storage shelter for container building   $700.00 - $4,600.00   Min. order:3 pieces          Mobile movable portable toilet trailer for outdoor   $700.00 - $900.00   Min. order:6.0 pieces          new design mobile flat pack prefab house   $2,000.00 - $2,500.00   Min. order:10 sets          High Quality Prefabricated Container House 20ft   $8,000.00 - $10,000.00   Min. order:10 sets","High quality steel metal tool storage cabinet with wheel   $1,100.00 - $1,400.00   Min. order:2.0 sets          Cheap quality metal tool box with wheels for sale   $200.00 - $300.00   Min. order:10 pieces          Garage Stainless Steel Customized Drawer Tool Cabinet With Casters   $750.00 - $780.00   Min. order:10 pieces          heavy duty garage tool cabinet with drawers with factory price   $1,000.00 - $1,500.00   Min. order:2 sets          Heavy duty steel tool drawer cabinet with wheel for sale   $1,150.00 - $1,400.00   Min. order:2.0 sets          New Design 10ft Stainless Steel Customized Garage Drawer Workbench   $700.00 - $1,200.00   Min. order:6 pieces          heavy duty stainless steel waterproof tool chest   $800.00 - $1,100.00   Min. order:6 pieces          96 inch cheap stainless steel workshop tool cabinet with wood top   $645.00 - $740.00   Min. order:4 pieces",Popular Stainless Steel Storage Drawer Tool Cabinet With Peg Board,$600.00 - $800.00,Min. order:6 pieces,kitchen cabinets   kichen cabinet   circle cabinet   cheap pantry cabinet   pantry cabinet   desktop cabinet   l-shaped cabinet   wall cabinet   hanging cabinet   primitive cabinets,Tools & Hardware         Tool Storage         Tool Cabinets
"Cheap Two Wheel Adult Fat Tire E Bike 500w 48v Electric Folding Bicycle City Bike - Buy Electric Bike Low Price,Buy 2 Seat Electric Bike,China New Model Two Seat 48v 12a Cheap Electric Bike Low Price For Sale Product on Alibaba.com",e-bicycle,Cheap two wheel adult fat tire e bike 500w 48v electric folding bicycle city bike,"Hebei Leshuai Cycle Co., Ltd.",,2022 japan hub motor with optional lithium battery ebike bicicletas chopper electrica for men kids pocket bike electric bike,$73.00 - $91.00,Min. order:20 pieces,Gears    3 Speed        Frame Material    Steel        Wheel Size    14'        Voltage    48V        Power Supply    Lithium Battery        Braking System    Disc Brake        Battery Capacity    12 ah,2000 Piece/Pieces per   Month,$300.00/piece,Min. order: 500,Min. order: 500,With photos/videos (2)   5 stars (3),"J     J***s      Jan 1, 2024                                                           Excellent. Ordered again            adult battery electronic city e-bike bike 48v 350w electric bicycle sepeda motor listrik sepeda listrik          J     J***s      Oct 22, 2023                                                           Very good, I received the goods, the quality is very good, the seller provided me with good service. Thank you very much.\uD83D\uDE02               Electric Folding Bike 48V Foldable Mountainbike Bicycles Fat Tire Electric Bike Steel LCD Display Adults EU Warehouse 14''          J     J***s      Oct 22, 2023                                                           Very good, I received the goods, the quality is very good, the seller provided me with good service. Thank you very much.\uD83D\uDE0A       Fat tire cheap electric bike hot sale electric bike new design 48V battery electric bike","Hebei Leshuai Cycle Co., Ltd.",,,2 - 149 pieces    $85.00      150 - 289 pieces    $73.00      >= 290 pieces    $60.00,1 Color;   1 Wattage.,Start order request    Contact supplier,Cheap 14 inch fat tire e electric bicycle 350w 48v electric bicycle   $55.00 - $75.00   Min. order:2 pieces          48v 20a Battery Electric City Road Bike Electric Hybrid Bicycle With Foot Pedal   $70.00 - $95.00   Min. order:20 pieces          Eu USA UK Stock Free Shipping 750W 14-inch electric Bikes 48V 13Ah Other cities electric bikes for sale   $98.00 - $146.00   Min. order:2 pieces          adult battery electronic city e-bike bike 48v 350w electric bicycle sepeda motor listrik sepeda listrik   $60.00 - $85.00   Min. order:20 pieces          2023 Factory Direct Sales New Model Adult Electric Atv Cheap Electric Atv - Buy Adult Electric Atv   $80.00 - $105.00   Min. order:20 pieces,Wholesale 36v 1000w folding bike electric bicycle/electric bicycle germany/e bikes 2023 electric bicycle   $70.00 - $99.00   Min. order:10 pieces          2 person fast speed 48V 500w bicycle electric scooter for men and women   $100.00 - $160.00   Min. order:10 pieces          2023 Factory Direct Sales New Model Adult Electric Atv Cheap Electric Atv - Buy Adult Electric Atv   $80.00 - $103.00   Min. order:20 pieces          Electric Bicycle best shock Absorption 48V20A High Capacity Battery 350W Electric Bike Adult Scooter   $90.00 - $115.00   Min. order:2 pieces          2022 most popular 14 inch folding electric bicycle bike ebike bicicleta electric BICICLETAS ELECTRICA   $125.00 - $150.00   Min. order:25 pieces          2 wheel cheap new 350w 500w 48v electric moped bike with pedals electrica ebike scooter electric bike bicycle   $80.00 - $100.00   Min. order:10 pieces          Foldable 3600W Mobility E Scooter Adults self-balancing Electric Scooters   $88.00 - $118.00   Min. order:50 pieces          Wholesale High Quality City Electric Bike Mini Pocket Powerful Adults Electric City Bike   $80.00 - $100.00   Min. order:5 pieces,EU UK Warehouse electric bicycle 350w electric dirt city bike for adult e bikes electric bicycle,$78.00 - $95.00,Min. order:30 pieces,electric bicycle   electric folding bike   best electric bike   electric mini bike   folding electric bike   a2b electric bike   giant electric bike   cheap electric bike   eletric bike   buy electric bike,Sports & Entertainment         Cycling         Electric Bicycle         Electric Hybrid Bike
"750ml Soup Thermo For Hot Food For Kids Adults Thermo Food Jar With Folding Spoon Vacuum Insulated Lunch Container For School - Buy Soup Thermo For Hot Food For Kids Adults,Thermo Food Jar With Folding Spoon,Vacuum Insulated Lunch Container For School Product on Alibaba.com",insulated food jar,750ml Soup Thermo for Hot Food for Kids Adults Thermo Food Jar with Folding Spoon Vacuum Insulated Lunch Container for School,"Guangzhou Haha Housewares Manufacturing Co., Ltd.",5 yrs,HaHaDouble Walled Thermo Mug Vacuum Insulated Thermo Flask Stainless Steel cola shape water bottle Sport water bottle wide mouth,$1.20 - $2.29,Min. order:500 pieces,,,$10.00/piece,Min. order: 500,Min. order: 500,5 stars (1),"T     T***r       Nov 21, 2023","Guangzhou Haha Housewares Manufacturing Co., Ltd.",Multispecialty supplier   5 yrs,"Store rating   4.5/5     On-time delivery rate   99.0%     Response time   ≤2h     Online revenue   $200,000+     Main markets   North America,Northern Europe,South America       Services    Design-based customization      Quality control    On-site material inspection",500 - 2999 pieces    $3.15      3000 - 9999 pieces    $3.10      10000 - 999999 pieces    $2.99      >= 1000000 pieces    $1.99,13 Color;   3 Capacity.,Start order request    Contact supplier,,"vacuum cup,Led touch screen temperature display,stainless steel water bottle   $1.65 - $1.72   Min. order:100 pieces          500ml / 700 ml Matte Print Stainless Steel Tumbler Cups In Bulk Straw Lid Tumbler Coffee Cup   $2.79 - $3.19   Min. order:500 pieces          insulation of hot drinks thermo flask with drinking cup stainless steel leak-proof 750ml   $2.81 - $2.99   Min. order:100 pieces          Outdoor Stainless Steel Thermo Vacuum Flask  Travel thermo 1300ml Coffee Thermo pot water bottle   $5.85 - $5.99   Min. order:200 pieces          Fashion Bling shiny bottle Stainless Steel Thermal  Shiny Diamond Glitter Water Bottle for Girls bling water bottles   $10.90 - $13.20   Min. order:100 pieces          Vacuum Bottle business double wall stainless steel rubber paint frosted water bottle, hot bottle and tea infuser   $2.59 - $2.89   Min. order:100.0 pieces          Temperature Reading Smart Termos Cup Tea Infuser Smart Cup Keeps Drinks Cold/Hot 24 Hours   $1.97 - $1.99   Min. order:500 pieces          High quality 500ml 304 Stainless Steel Vacuum Water Bottle Set With 2Cups Lid Business Gift Box   $2.89 - $3.19   Min. order:500 pieces",12oz custom logo vacuum wine cups tumbler stemless 304 stainless steel insulated wine tumbler cup with lid straw,$1.95 - $1.99,Min. order:100 pieces,japanese thermos   electric thermos   mini thermos   2 liter thermos   stanley thermos   soup thermos   tiger thermos   coffee thermos   tea thermos   thermos flask,Home & Garden         Kitchen & Tabletop         Drinkware         Vacuum Flasks & Thermoses
"Digital Tea Coffee Stainless Steel Vacuum Flasks & Thermoses Gift Set Smart Thermoes With Temperature Mug Water Thermos Bottles - Buy Stainless Steel Thermos,Vacuum Flasks Water Bottles,Vacuum Flasks & Thermoses Product on Alibaba.com",mate thermos,Digital tea coffee Stainless steel vacuum flasks & thermoses gift set smart thermoes with temperature mug water Thermos Bottles,"Hunan Good Creative Import And Export Trade Co., Ltd.",3 yrs,Food Grade Eco-friendly PP Bento Box Wheat Straw Microwave Insulation Lunch Box with Handle and Cutlery,$0.68 - $1.35,Min. order:10 pieces,,10000 Perch/Perches per   Day,$0.99/piece,Min. order: 500,Min. order: 50,,"M     M***y      Jan 7, 2024                                                           Really amazing products,love the color and quantity,on time delivery                  Rhinestone 40oz tumbler Adventure Quencher tumbler with straw stainless steel Vacuum 40oz tumbler with handle          M     M***y      Jan 7, 2024                                                           Really amazing products,love the color and quantity,on time delivery               40oz Rhinestone Bling Tumbler stainless steel Stanlys 40oz tumbler with handle 40oz Rhinestone bling Tumbler Cup          M     M***y      Jan 7, 2024                                                           Really amazing products,love the color and quantity,on time delivery               Custom logo 40 oz cup quencher h2.0 copper tumbler 40oz stainless steel outdoor mug with handle and straw","Hunan Good Creative Import And Export Trade Co., Ltd.",Multispecialty supplier   3 yrs,"Store rating   4.8/5     On-time delivery rate   99.5%     Response time   ≤2h     Online revenue   $310,000+     Main markets   North America,Domestic Market,Southeast Asia       Services    Full customization      Quality control    On-site material inspection        Order with confidence      Evaluated as top-rated supplier",2 - 499 pieces    $2.07      500 - 999 pieces    $1.99      >= 1000 pieces    $1.92,4 Color;   1 Capacity.,Start order request    Contact supplier,Glitter 40oz rhinestone bling diamond tumbler with handle Vacuum Insulated Stainless Steel Bottle   $6.18 - $8.39   Min. order:20.0 pieces          Inteligente Termo Digital 500ml Stainless Steel  LED Smart Temperature Display Thermal Flask Cup Water Bottle With Tea Strainer   $1.10 - $2.10   Min. order:20 pieces          Hot Sale Christmas 3d Santa Claus Ceramic Mug Cup Mugs Winter Snowman Promotional Ceramic Christmas Cup Coffee Mug   $0.68 - $2.06   Min. order:10 pieces          FBA Top Sale 600ml Shaker Gym Bottle Custom Logo Plastic Portable Fitness Gym Sports Protein Shaker Cup Water Bottle   $0.93   Min. order:10.0 pieces          No Charcoal Fast Heating Narguile Hookah Bowl Good Quality Chicha Sheesha Shisha Smoking Set Electronic Electric Hookah Bowl   $5.89 - $21.05   Min. order:12 pieces,,Flavored Water Bottle with Flavour Pods Air Water Up Bottle Frosted 650ml Air Starter Up Set Water Cup for Camping Fishing,$4.30 - $5.80,Min. order:50 pieces,stainless steel thermos   japanese thermos   vintage thermos   square thermos   thermos   soup thermos   titanium thermos   stainless steel flask   small stainless steel thermos   frozen thermos,Home & Garden         Kitchen & Tabletop         Drinkware         Vacuum Flasks & Thermoses
"Hot Selling Product Strong Unistrut Galvanized C Channel Bracket - Buy C Channel Bracket,Unistrut Channel,C Channel Product on Alibaba.com",metal bracket,Hot Selling Product Strong Unistrut Galvanized C Channel Bracket,"Shanghai Hdmann Industry Co., Ltd.",10 yrs,,,,Usage    Construction        Material    Metal        Structure    Single-side Bracket,200 Ton/Tons per   Month C Channel Bracket,,,,5 stars (60),"f     f***u      Nov 2, 2023      Fast delivery speed. After communicating with the merchant about the details, the product is produced quickly. Confirm the drawings before production.                                                      Fast delivery speed. After communicating with the merchant about the details, the product is produced quickly. Confirm the drawings before production.       Good Quality Perforated C Type Galvanized Strut C Channel Purlin                                                          Fast delivery speed. After communicating with the merchant about the details, the product is produced quickly. Confirm the drawings before production.   Reviews with 11 repeated content are hidden       hot  sale  good  price  high  quality   Galvanized electrical cable ladder type cable tray sizes                                                          Fast delivery speed. After communicating with the merchant about the details, the product is produced quickly. Confirm the drawings before production.       ASTM A123 Standard HDG Unistrut                                                          Fast delivery speed. After communicating with the merchant about the details, the product is produced quickly. Confirm the drawings before production.       Best Price aluminum ladder cable tray                                                          Fast delivery speed. After communicating with the merchant about the details, the product is produced quickly. Confirm the drawings before production.       HDMANN Strut Channel Unistrut Slotted Channel                                                          Fast delivery speed. After communicating with the merchant about the details, the product is produced quickly. Confirm the drawings before production.       Galvanized Steel Cable Tray and Perforated Cable Tray Supporting System                                                          Fast delivery speed. After communicating with the merchant about the details, the product is produced quickly. Confirm the drawings before production.       41x41x2.5 mm C Purlin Steel Stainless Steel  SS316  Unistrut P1000 Size Unistrut Channel                                                          Fast delivery speed. After communicating with the merchant about the details, the product is produced quickly. Confirm the drawings before production.       On Sale Hot Dipped Galvanized Steel Curved Unistrut Channel                                                          Fast delivery speed. After communicating with the merchant about the details, the product is produced quickly. Confirm the drawings before production.       Unistrut 41x41x2.5 Hdg Strut Channel Wholesale Unistrut C Channel                                                          Fast delivery speed. After communicating with the merchant about the details, the product is produced quickly. Confirm the drawings before production.       HDG and Galvanized Steel Unistrut Channel/c Channel Steel Rail 41x41 and 41x21 Photovoltaic Support Systems                                                          Fast delivery speed. After communicating with the merchant about the details, the product is produced quickly. Confirm the drawings before production.       HDMANN Aluminium Solar Strut Channel Unistrut Channel                                                          Fast delivery speed. After communicating with the merchant about the details, the product is produced quickly. Confirm the drawings before production.       Steel Cable Tray And Hot-dip Galvanized Steel Cable Tray And Perforated Cable Tray Supporting System          f     f***u      Nov 2, 2023                                                           The merchant has a good service attitude and patiently answers any small questions.   Reviews with 6 repeated content are hidden       Best Price aluminum ladder cable tray          f     f***u      Nov 2, 2023                                                           The order quantity is relatively large and the price is also relatively favorable. The most important thing is that the quality of the product meets the requirements.   Reviews with 10 repeated content are hidden       Galvanized Steel Cable Tray and Perforated Cable Tray Supporting System","Shanghai Hdmann Industry Co., Ltd.",Custom manufacturer   10 yrs,"Store rating   5.0/5     On-time delivery rate   100.0%     Response time   ≤2h     Online revenue   $230,000+     Floorspace   9716m²     Staff   101       Services    Sample-based customization     Centralized procurement available      Quality control    Finished product inspection     QA/QC inspectors (5)        Order with confidence      Verified as Custom Manufacturer",,,Start order request    Contact supplier,HDMANN Strut Channel Unistrut Slotted Channel   $1.00 - $10.00   Min. order:1.0 piece          Outdoor Cable Tray Hot Dipped Galvanized Cable Tray Price   $1.00 - $9.80   Min. order:1 meter          Galvanized Steel Cable Tray and Perforated Cable Tray Supporting System   $9.80 - $12.90   Min. order:1 meter          HDMANN Pre-galvanized Unistrut Channel Manufacturer   $1.00 - $10.00   Min. order:1 piece          OEM Manufacturer Wholesale Price Hot Dipped Galvanized Steel Cable Tray Ladder   $3.00 - $15.00   Min. order:1.0 meter,Stainless steel 304 wire mesh cable tray basket type cable tray   $0.50 - $5.00   Min. order:1 meter          Factory Galvanized Steel Or Stainless Steel Unistrut C Shaped Strut Channel unistrut angle brackets   $6.45 - $8.98   Min. order:100 meters          High Quality Waterproof Galvanized Steel Cable Trunking and Cable Ducts   $1.50 - $15.00   Min. order:1 piece          Electro galvanized indoor wire basket cable tray with UL listed   $0.50 - $5.00   Min. order:1.0 meter          OEM Supplier NEMA 20C Aluminum Cable Ladder Price List Electrical Accessories   $1.00 - $9.90   Min. order:100.0 meters          Best Price aluminum ladder cable tray   $2.00 - $15.50   Min. order:5.0 pieces          On Sale Hot Dipped Galvanized Steel Curved Unistrut Channel   $1.00 - $10.00   Min. order:1.0 meter          HDMANN Stainless Steel Cable Tray Prices Cable Tray Manufacturers   $5.50 - $9.80   Min. order:1 meter,High Quality Reasonable Price FRP Cable Ladder Trays and Support System,$9.80,Min. order:1 meter,l bracket   metal bracket   clamp bracket   small brackets   angle bracket   u bracket   j bracket   corner bracket   c bracket   z bracket,Tools & Hardware         Hardware         Brackets
"Xy Best Luxury Wooden Executive Office Desk Manager Desk Workstation - Buy Office Table,Executive Office Desk,Table Office Desk Product on Alibaba.com",What are you looking for?,XY Best Luxury Wooden Executive Office Desk Manager Desk Workstation,Guangzhou Xy Best Industrial Ltd,,"XY Best 3-Piece Patio Furniture Set, Handwoven Rattan Wicker Chairs with Waterproof Cushions for Outdoor Conversation",$99.00 - $120.00,Min. order:2 sets,,,,Min. order: 1000,Min. order: 1000,5 stars (134),"S     S***e      Jan 15, 2024                                                           Very professional,the products are very high quality and everything is fantastic,we will be buying more from this supplier in the future.   Reviews with 6 repeated content are hidden       XY Best Affordable Sofa Sets Wholesale Luxury Modern Design Home Furniture Sofa with High Atmosphere          S     S***e      Jan 15, 2024                                                           The products are very high quality and everything is fantastic，we will be buying more from this supplier in the future.   Reviews with 3 repeated content are hidden       XY Best Nordic solid wood End table simple small round Coffee table modern living room furniture modern wooden side tables          S     S***e      Jan 15, 2024                                                           Very nice products,Good design and high quality,we will reorder next time.   Reviews with 15 repeated content are hidden       Cheap Double Seat Cheap Outdoor Furniture Garden Rattan Egg chair oversized indoor outdoor lounger for pat with Cushion",Guangzhou Xy Best Industrial Ltd,,,2 - 999 pieces    $178.00      1000 - 9999 pieces    $163.00      10000 - 29999 pieces    $153.00      >= 30000 pieces    $126.00,,Start order request    Contact supplier,"XY Best Luxury TV Unit Cabinet - Modern Wooden TV Stand with Coffee Table for Home, Hotel, Living Room   $78.00 - $120.00   Min. order:2 pieces          XY Best Small Wood Front Reception Desks with Custom Logo -  Checkout Counter Commercial Furniture   $39.00 - $50.00   Min. order:4.0 pieces          XY Best Luxury Customized Wood Frame High Dining Bar Chair for Home, Restaurant, and Kitchen Commercial Furniture   $39.00 - $49.00   Min. order:10.0 pieces          Arabic Sport Recliner Chair Armrest Indoor Outdoor Rocking Chair with KD Structure Hot Selling reclinable Pouffe Outdoor Chair   $45.00 - $70.00   Min. order:5 pieces          XY Best Park Utility Wagon Folding Garden Outdoor Cart with Wide Wheel and Brake   $42.67 - $54.45   Min. order:5 cartons",,XY Best New Indoor and Outdoor Rattan Sofa Set,$138.60 - $144.90,Min. order:1 piece,dining table   marble table   canteen table   dinner table   buffet table   dinning table   cafeteria table   kitchen table   tulip table   tolix table,
"Cordless Drill Performer Cordless Drill Cordless Hammer Drill - Buy Cordless Drill,Cordless Dual Drill,Cordless Hammer Drill Product on Alibaba.com",cordless drill,cordless drill performer cordless drill cordless hammer drill,"Yongkang Coofix Industry and Trade Co., Ltd",8 yrs,Multi function electric hand held sprayer gun painting spray gun,$12.20 - $16.00,Min. order:1 acre,"Voltage    220-240V, 12-24v, 110V        Drill Type    Impact Drill, Mini Drill, Cordless Drill        Power Source    Battery",100000 Piece/Pieces per   Month Cordless drill,$38.00/piece,Min. order: 500,Min. order: 500     Mini drill   Min. order: 500     Cordless drill   Min. order: 500,With photos/videos (13)   5 stars (145)   4 stars (7),"T     T***n      Nov 1, 2023      Coofix delivered excellent custom electric tools! Their attention to detail with my logo and color customization is highly impressive.                                                      Coofix went above and beyond in customizing the electric tools for my business.Service from them is seamless.            Saktec Hot Sale Wholesale 11000r/M Speed Cutter portable Angle Grinders                                                          Coofix's custom electric tools exceeded my expectations. The logo and color customization are flawless, making them a perfect fit for my brand            Saktec Factory Directly Sale 220V portable Angle Grinder 115mm 125mm Corded Electric Angle Grinder Machine                                                          I was able to add my company logo and choose the colors for a batch of electric tools. The process was easy and efficient, and the end result exceeded my expectations.            Saktec 2000W 10inch Electric Wood Aluminum Cutting Compound Sliding Miter Saw machines                                                          Coofix's custom electric tools are a game-changer for my business. The branding elements are expertly incorporated, enhancing our professional identity.            Coofix handy power 12V Rechargeable electric bivolt 30nm screwdriver and electric drill with li-ion baterry                                                          I highly recommend Coofix for their excellent customer service and customizable options. Thank you for a great experience!            Cordless angle grinder with battery and charger parkside mini 115mm power angle grinder best 100mm 180mm brushless          t     t***n       Dec 16, 2023                                                           very great.. thank you¡       Cordless sprayer spray gun battery powered portable electric cordless paint sprayer          M     M***i      Oct 11, 2022                                                           For some reason I requested an early shipment, the friends of Coofix were kind to accept my request, thank you very much for their efforts            115MM Professional cordless Angle grinder Electric Mini Portable Angle Grinder For Grinding & Cutting","Yongkang Coofix Industry and Trade Co., Ltd",Multispecialty supplier   8 yrs,"Store rating   5.0/5     On-time delivery rate   100.0%     Response time   ≤5h     Online revenue   $880,000+     Main markets   Southeast Asia,Domestic Market,South America     Collaborating  suppliers   100       Services    Centralized procurement available     Sample-based customization      Quality control    Finished product inspection     On-site material inspection",500 - 999 pieces    $24.50      1000 - 99999999 pieces    $24.00      >= 100000000 pieces    $15.00,1 Color.,,COOFIX best power 600w 82mm hand electric wood planer machine electric planer   $18.00 - $30.00   Min. order:2 pieces          Coofix CF1121 Professional Electric Router vertical saw Wood cutting Machine and Hand router wood   $25.00 - $35.00   Min. order:2 pieces          18 in 1 Rechargeable drill 20v Cordless Impact machine All-In-One Screwdriver Li-Ion Battery Multi-function Combo Tool Kit Set   $48.88 - $55.63   Min. order:500 pieces          Coofix CF-CS005 electric wood saw metal circular cutting saw machines wood cutting machines   $26.99 - $34.00   Min. order:2 pieces          Coofix 115mm Angle angl speed portable hand Grinder electr grinding cutting machine Electric metal Angle Grinder   $11.89 - $11.99   Min. order:500 pieces,18v lithium impact Combo 15 tool Kit & Power screwdriver Tools 20v Cordless hammer rechargeable wireless Drill machine set   $199.00 - $599.00   Min. order:500 pieces          Saktec Power Electric 10Mm Double Speed 12V Lithium Battery 20v Cordless Impact Drill set   $14.43 - $32.78   Min. order:500 pieces          Brushless 12V 20v 18V cordless professional drill and screwdriver Power Tools Combo Kit Impact Battery wireless Screw Drivers   $250.00 - $999.00   Min. order:5 pieces          21v 20v 18v High quality Wireless Battery screwdriver Rechargeable Cordless 5in1 drill 18V Compact Lithium-Ion combo kit   $150.00 - $260.00   Min. order:100 pieces          COOFIX MINI Power Tools for engraving polishing cutting Die Grinder Set   $16.00 - $18.50   Min. order:500 pieces          20v 18V 21V cordless power tools professional drill and screwdriver battery cordless drill accessories brands for home use   $150.00 - $260.00   Min. order:500 pieces          Saktec 2000W 10inch Electric Wood Aluminum Cutting Compound Sliding Miter Saw machines   $102.95 - $108.87   Min. order:100 pieces          Coofix concrete core cutting drill machine vertical diamond core drill diamond cutting machine   $280.00 - $360.00   Min. order:10 pieces,Coofix Rechargeable Lithium Battery 18V 20 Volt 24v wireless drills Cordless electric Impact Driver multifunctional drill,$29.50 - $34.50,Min. order:500 pieces,cordless drill   electric drill   hand drill   hitachi drill   hilti drill   impact drill   mini drill   magnetic drill   makita drill   bosch drill,Tools & Hardware         Power Tools         Power Drills
"Best Sales Luxury Office Furniture Executive Office Table Office Desk - Buy Luxury Office Furniture,Executive Office Table,L-shpaed Executive Office Desk Product on Alibaba.com",executive desk,Best Sales Luxury Office Furniture Executive Office Table Office Desk,"Sichuan Seabroad Industry Co., Ltd.",6 yrs,Triangle Office Furniture Modern Open Workstation 120 degree desk 3 person Modular work station desks and workstations,$520.00 - $573.00,Min. order:1.0 piece,Feature    Durable        Material    Wooden,,$255.88/set,,,With photos/videos (1)   5 stars (92)   4 stars (9)   3 stars (2),"C     C***o       Aug 25, 2023                                                           Best quality and best communication and best customer service. We’ve been dealing with them for many years. They take care of you            Comfortable Gaming Chair Racing Office Chair Mesh Gaming Chair          G     G***A      May 14, 2021                                                           Se ve buena calidad, todo funcionando perfecto, sin embargo, hay dos cosas que debo indicar. El envoltorio de cartón llegó con bastantes golpes y la madera llegó con un piquete. Todo lo demás está bien.
Se demoró bastante para ser un envío express. Más de un mes esperando el producto.       black Racing style rgb modern home office gaming study table z shaped with cup holder juego de mesa de comedor          M     M***o       May 14, 2021                                                           Really good product. Very good seller. I will buy again","Sichuan Seabroad Industry Co., Ltd.",,,1 - 5 sets    $253.68      6 - 20 sets    $239.68      >= 21 sets    $191.91,1 Color;   4 Size.,Start order request    Contact supplier,office modular fabric hotel lounge sectional couch Mario bellini sofas for sale   $110.00 - $225.00   Min. order:1.0 piece          Modern Luxury Sofa Top Design Office 3 Piece Seaterr 3 Sets Black Couch Sofa   $101.65 - $108.24   Min. order:2 sets          Modern 2 person white beauty salon solid surface led hotel reception desk   $153.00 - $236.00   Min. order:1 meter          Modular Office Cubicles desks contemporary computer work station workstations partition shelf rectangular 59x59 l shaped desks   $78.00 - $104.00   Min. order:4 sets          cafeteria furniture side plywood walnut oak marble bar stools and restaurant cafeteria table sets white minimalist   $35.00 - $42.00   Min. order:2 pieces,Wholesale computer ergonom new racing R shaped black ergonomic rgb gaming setup pc eureka desk with rgb led   $75.00 - $82.00   Min. order:50 pieces          big modern mdf executive office ceo boss tables office desk furniture set escritorios de oficina for office   $99.00 - $199.00   Min. order:1.0 set          computer modern ceo office room executive table office desk furniture l shape and chair design set for office   $109.00 - $169.00   Min. order:1.0 piece          melamine office furniture executive desk new design director boss table manager tables modern office desks executive   $129.00 - $199.00   Min. order:1.0 piece          Simple European Walnut Metal Feet Office Desk Large Executive Desk With Side Table   $154.00 - $189.00   Min. order:1.0 set          Durable Modular Luxury Wooden Manager I Shaped Mdf Furniture Modern Design Ceo Table Executive Office Desks   $161.53 - $182.60   Min. order:1 set          Folding Desk Modern Tables Folding Conference Office Meeting Desk Training Room Table   $60.00 - $150.00   Min. order:2.0 pieces          4 person office workbench work bench modular pc workstation work station desks partition with mobile mobile pedestals   $173.00 - $231.00   Min. order:2.0 sets,luxury Dental solid wood Furniture Organizer Set Wisda Commercial American Ceo Office antique Desk With Drawer,$156.00 - $461.00,Min. order:2.0 sets,home office furniture   executive office furniture   ikea office furniture   workstation furniture   used office furniture   godrej office furniture   swedish furniture   modern office furniture   luxury office furniture   sunshine furniture,
"Home Office Gaming Table Study Computer Desk - Buy Computer Desk,Study Desk,Office Table Product on Alibaba.com",office desk,Home Office Gaming Table Study Computer Desk,"Changzhou Happy-Zone Technology Co., Ltd.",3 yrs,Home Office Writing Computer Desk Modern Simple Study Desk Industrial Style Table,$22.50 - $23.60,Min. order:50 pieces,,,,,,,,"Changzhou Happy-Zone Technology Co., Ltd.",,,2 - 299 pieces    $19.85      300 - 999 pieces    $17.70      >= 1000 pieces    $15.60,1 Color;   3 Size.,,Modern Nordic Luxury Glass Base Stainless Steel Champagne Gold Plating Bell Center Side Coffee Table For Home Use Hot Sale   $12.90 - $18.00   Min. order:2 pieces          Luxury Nordic Modern Cheap Square Stainless Steel Wooden Nesting 2 Pieces Tea Center Table Set Coffee Tables For The Living Room   $16.00 - $18.00   Min. order:2 pieces          Nordic modern simple solid wood coffee table   $12.30 - $15.00   Min. order:2 pieces          PP DIY Shoe  Cabinet Rack Shelf Storage Closet Organizer Waterproof Shoe Cabinet   $3.34 - $27.50   Min. order:2 sets          10 Tiers Shoe Rack 50 Pairs Non-woven Fabric Shoe Tower Organizer Cabinet   $3.34 - $27.50   Min. order:2 sets,"Wholesale Price TT series modern luxury executive desk l-shape ceo office desk office furniture from Foshan factory   $37.73 - $39.97   Min. order:1 piece          Modern Luxury Furniture Desk Color Optional No Folding Laptop Computer Desk   $16.38 - $17.99   Min. order:50 pieces          Wood & Metal, Black Modern Desk Corner Computer Desk PC Laptop Study Table Workstation Home Office Desk   $28.90 - $29.50   Min. order:2 pieces          wholesale modern round marble coffee table set gold stainless steel marble top living room center table club waiting room table   $16.00 - $18.00   Min. order:2 pieces          Nordic CEO Desk And Cabinet Combination Household Rectangular CEO Desk Natural Wood Color   $114.00 - $120.00   Min. order:2 pieces          Living room household marble coffee table light luxury simple tea table   $15.10 - $17.00   Min. order:2 pieces          Coffee Table   $10.30 - $16.00   Min. order:2 pieces          Cheap Vintage Rectangular MDF Dinning Tables Dinning Furniture Restaurant Table Luxury Beech Wood Legs Dining Tables Set   $6.10 - $6.53   Min. order:2 pieces",Multiple Function Furniture Foldable Lifting Coffee Table Transform Dual Use Dining Table,$26.80 - $28.80,,,
"10m Dpei Self-adhesive Door And Window Sealing Strip Glass Window Anti-collision Rubber Strip Foam Sound Insulation Strip - Buy Door Rubber Hinge Strip,Car Door Window Rubber Strip,3m Adhesive Rubber Weather Strip Product on Alibaba.com",rubber strip,10m DPEI self-adhesive door and window sealing strip glass window anti-collision rubber strip foam sound insulation strip,"Hebei Guangte Rubber Products Co., Ltd",3 yrs,,,,Size    customized,2000000 Meter/Meters per   Quarter,$0.02/meter,Min. order: 1000,Min. order: 1000,,"L     L***n       Oct 8, 2023                                                           bad products, made me believe that they will take care of it but only to drag me along until the refund period expires 
then just brushed me out
bad customer service 
will not recommend       OEM Rubber Washer rings flat gaskets rubber gasket EPDM Round Seal      Supplier's reply:  Since receiving your order, we have been working hard to communicate with the raw material supplier. However, the raw material supplier has been unable to provide us with raw materials, and we have made every effort. I'm sorry        D     D***r       Aug 4, 2023                                                           Very pleased with the communication and ease of the transaction       Rubber Sealing Strip Seal Gasket Cold Room Door Silicone Double E Shape for Cold Storage      Supplier's reply:  Thank you for giving us an evaluation in your busy schedule and for your recognition of our products, we will work harder to produce better products!        A     A***a      Jul 22, 2023                                                           منتج ممتاز مطابق للمعايير .. اشكر البائع على الجوده الجيده            Sound Insulation Rubber Seal for Car/City Bus/Auto Door and Windows      Supplier's reply:  Thank you for giving us an evaluation in your busy schedule and for your recognition of our products, we will work harder to produce better products!","Hebei Guangte Rubber Products Co., Ltd",Custom manufacturer   3 yrs,"Registered trademarks (3)       Store rating   4.7/5     On-time delivery rate   85.4%     Response time   ≤2h     Online revenue   $40,000+     Floorspace   32400m²     Staff   56       Services    Design-based customization     Sample-based customization      Quality control    Finished product inspection     Quality traceability        Order with confidence      Verified as Custom Manufacturer",10 - 1499 meters    $0.20      1500 - 4999 meters    $0.13      5000 - 9999 meters    $0.11      >= 10000 meters    $0.06,4 Color;   2 Material;   1 Style.,Start order request    Contact supplier,D type self adhesive EPDM rubber foam rubber weather stripping door and window sealing strip   $0.06 - $0.10   Min. order:1000.0 meters          Fire Retardant PVC Cable Trunking 16x16 20x10 25x16 25x25 39x19 40x25 50x25 75x75 Wiring Ducts Solid   $0.10 - $0.30   Min. order:300 pieces          JYD 93cm Under Door Draft Guard Stopper Soundproof Reduce Noise Door Bottom Sealing Weather Strip Under Door Draft Guard   $0.28 - $0.34   Min. order:300 pieces          Fire proof  heat Resistant Expansion  industrial EPDM expanding Sponge strip foam rubber gasket   $0.30 - $2.00   Min. order:1000.0 meters          self adhesive Sound insulation T-shaped  windshield  glass sunroof  roof water dust proof automotive weather strip seals   $0.20 - $10.00   Min. order:10.0 meters,Extrusion rubber U-channel edge trim strip car door rubber EPDM seal profile   $0.20 - $1.30   Min. order:50.0 meters          OEM Rubber Washer rings flat gaskets rubber gasket EPDM Round Seal   $0.60 - $5.00   Min. order:1000.0 pieces          Hot Sale Auto Parts Door Rubber Seal Weather Strip For Toyota VITZ YARIS 2005 - 2010   $20.00 - $45.00   Min. order:100.0 pieces          EPDM rubber gasket for solar panels waterproof seal strip solar pv panel t shape rubber gasket seal 10mm/20mm/30mm   $0.10 - $1.20   Min. order:100.0 meters          Curved Bath Shower Screen Rubber Plastic PVC Seal Strip For Shower Glass Door Enclosure Sealing Strip   $0.20 - $1.40   Min. order:200.0 meters          safety protection rubber bumper Black Durable Rubber D-Type Bumper   $5.00 - $38.00   Min. order:100.0 meters          irt Cheap High Quality L Shape 19*22.2mm Rail Cushion Rubber 48'72' For Blliard Snooker Table Rail   $0.50 - $0.90   Min. order:300 pieces          Rubber Sealing Strip Seal Gasket Cold Room Door Silicone Double E Shape for Cold Storage   $0.60 - $1.20   Min. order:10.0 meters,aluminum door window glass curtain wall epdm rubber gaskets strip  seal,$0.75 - $1.50,Min. order:100.0 meters,forced strip   neon strips   wether strip   film strip   rgb led strip   smart strip   men stripping   5630 led strip   ws2812b strip   led strip,Tools & Hardware         Hardware         Seals
"Roofing Screw High Quality Taiwan 65mm Hex Flange Roofing Screws With Rubber Washer Hex Washer Head Metal Roofing Screws Type - Buy Roofing Screws,Roofing Screws With Rubber Washer,Hex Washer Head Product on Alibaba.com",roofing screw,Roofing Screw High Quality Taiwan 65Mm Hex Flange  Roofing Screws With Rubber Washer Hex Washer Head Metal Roofing Screws Type,"Chuanghe Fastener Co., Ltd.",15 yrs,Self Tapping Roofing Screws Stainless Steel Roofing Screws Galvanized Rubber Washer Hex Hex Washer Head Roofing Building Screws,$0.04 - $0.06,Min. order:5000 pieces,"Finish    Black, ZINC, Plain, Black Oxide        Material    Stainless steel, Steel, Aluminium        Measurement system    Metric",300000 Piece/Pieces per   Month,$100.00/piece,Min. order: 30000,Min. order: 3000,With photos/videos (1)   5 stars (110)   4 stars (2),"J     J***s       Nov 22, 2023                                                           The quality of the products is excellent and Heidi provides outstanding customer service.       Rivet Nut/Rivnut Flat Head Metric rivet nut threaded inserts nutsert countersunk head splied m5 m6 m8 riveting nut Made in China          J     J***s       Nov 22, 2023                                                           Excellent quality.       China wholesale stainless steel furniture slot dowel cross countersunk head hammer nut and bolt m5 m6 m12 m8 m10 16mm barrel nut          J     J***s       Nov 22, 2023                                                           Excellent quality   Reviews with 2 repeated content are hidden       OEM high precision cnc machined stainless steel round knurled thumb nut","Chuanghe Fastener Co., Ltd.",Custom manufacturer   15 yrs,"Registered trademarks (1)       Store rating   4.8/5     On-time delivery rate   98.0%     Response time   ≤2h     Online revenue   $370,000+     Floorspace   2676m²     Staff   96       Services    Minor customization     Design-based customization      Quality control    Raw-material traceability identification     Testing instruments (9)        Order with confidence      Verified as Custom Manufacturer",10000 - 29999 pieces    $0.09      >= 30000 pieces    $0.07,1 Type;   7 Length;   14 Thread size.,Start order request    Contact supplier,spring nut Factory price steel strut channel spring nut   $0.05 - $0.08   Min. order:5000 pieces          Waterproof rivets wholesale custom black anodized blind rivet aluminum steel dome head pop blind rivet   $0.03 - $0.05   Min. order:10000 pieces          Hot Selling 13mm 16mm 19mm Stainless Steel Sign standoff   $0.03 - $0.06   Min. order:5000 pieces          Fastener 32mm flanged hexagon head bolts Stainless Steel M4 M6 M8 M10 M12 DIN 6921 Hex Flange Bolt   $0.06 - $0.08   Min. order:5000 pieces          Wholesale auto wheel stud bolt hub bolts 10.9 Grade Alloy Steel Car Wheel Bolts Studs   $0.22 - $0.25   Min. order:1000 pieces,Factory direct supply black oxide grade 10.9 M2 M3 M4 micro screw Ultra Low profile Hex Socket Thin Head Cap Screw   $0.15 - $0.18   Min. order:5000 pieces          Binding Rivets Screw Customized Chicago Screws 1/4 Inch Solid Brass  Binding Rivets Screw For Leather   $0.01 - $0.04   Min. order:5000 pieces          gr5 Anodized colored M3 M4 M5 M6 M7 M8 M10 bicycle motorcycle titanium screw in China wholesale screws   $0.03 - $0.06   Min. order:5000 pieces          Stainless Steel m4 m2 m14 1/4-20 3/8-16 Grub Set Screws   $0.02 - $0.04   Min. order:5000 pieces          High Quality Chipboard Yellow Zinc Coated Flat Head Self Tapping screw countersunk head wood screw   $0.01 - $0.03   Min. order:5000 pieces          High Quality M3 M4 Stainless Steel Male Female Leather Torx Flat 8mm chicago screw Book Binding Screw   $0.05 - $0.08   Min. order:1000 pieces          Titanium Bolts M5X12mm and M5X15mm Torx Umbrella Head Screw for Motorcycle Bicycle Parts   $0.12 - $0.18   Min. order:1000 pieces          M2M2.5M3M4M5M6M8M10304 stainless steel Six Lobe Torx Flat Countersunk Head with Pin Tamper Proof Anti Theft Bolt Security Screw   $0.01 - $0.03   Min. order:5000 pieces,Factory metal stainless steel countersunk head self tapping screws DIN 7982,$0.02 - $0.04,Min. order:20000 pieces,tek screws   m5 screw   set screw   l screw   grub screw   hex screw   wing screw   jcbc screw   6-32 screw   tox screw,Tools & Hardware         Fasteners         Screws         Screws
"Electric Mountainbike Snow E Bicycle Long Warranty Ebike Cruiser Cycling 48v Velo Electrique Homm Chopper Emtb Bike Bikecycle - Buy Electric Mountainbike,Fat Bike,E Bike Product on Alibaba.com",electric bycycle,Electric Mountainbike Snow E Bicycle Long Warranty Ebike Cruiser Cycling 48V Velo Electrique Homm Chopper EMTB Bike Bikecycle,"Tianjin Newspeed Cycle Co., Ltd.",3 yrs,"Directly from Factory mountain bike fat tire snow bike ,Wholesale 20/26 inch snow bike with 4.0 fat tire bicycle",$59.00 - $69.00,Min. order:10 pieces,Gears    21 Speed        Frame Material    Steel        Wheel Size    26'        Voltage    48V        Power Supply    Lithium Battery        Braking System    Disc Brake        Battery Capacity    10.5 AH,20000 Piece/Pieces per   Month bike,$499.00/piece,,,,"M     M***e       Nov 6, 2023                                                           i received the scooter ,we tested it everything is okay, running super fast       Top supplier gas scooters 150cc gas motorcycles China moto 125cc 150cc with good quality          G     G***m      Jun 13, 2023                                                           The car is very beautiful.            Best carbon steel double disc brake 21 speed 27.5 bicycle mountainbike 29 inch full suspension mtb mountain bike bicicletas          G     G***m      Jun 13, 2023                                                           Very good supplier            24 26 27.5 29 inch Cheap high quality mountain bike Folding bikes made in Chinese factories factory directly offers low price","Tianjin Newspeed Cycle Co., Ltd.",Custom manufacturer   3 yrs,"Registered trademarks (1)       Store rating   4.8/5     On-time delivery rate   100.0%     Response time   ≤10h     Online revenue   $110,000+     Floorspace   3000m²     Staff   63       Services    Sample-based customization      Quality control    QA/QC inspectors (5)        Order with confidence      Verified as Custom Manufacturer",2 - 9 pieces    $279.00      10 - 49 pieces    $249.00      50 - 299 pieces    $229.00      >= 300 pieces    $199.00,4 Color;   4 Wattage.,Start order request    Contact supplier,"China factory new bicycle 700*23C 25C tire steel road bike disc brake with 24 speed   $39.00 - $69.00   Min. order:10 pieces          Factory Price 26 Inch 21 Speed High Carbon Steel Fat Tyre Other Mountain Road Dirty Bike   $69.00 - $79.00   Min. order:10 pieces          2021 hot selling Chinese electric bike,adults electric scooter   $79.00 - $119.00   Min. order:2 pieces          Hot Selling 1000W electric hybrid bike aluminum alloy frame bicicletas electricas/e bike 2021   $279.00 - $358.00   Min. order:2 pieces          20 inch fast 1000w folding electric mountain bike with fat tires   $288.00 - $358.00   Min. order:2 pieces",Super Electric Bike 26 Inch Fat Electric Bicycle 48V 500W 750W 1000 W Motor Aluminium   $199.00 - $249.00   Min. order:5 pieces          EU Europe Warehouse powerful 26inch fat tire 500w /750w 48V 13AH electric snow mountain bike e bike electric bicycle   $359.00 - $459.00   Min. order:2 pieces          Snow e bike green power fat electric bicycle mid 500W motor drive electric motorcycle   $229.00 - $389.00   Min. order:1 piece          Hot OEM 26 inch 750w 13ah fat tire electric road bike adult electric city other bike electric mountain bicycle   $199.00 - $249.00   Min. order:5 pieces          2022 new adult Electric Scooter cheap 2 seats two wheel electric motorcycle racing for sale with EEC COC certificate   $98.00 - $189.00   Min. order:2 pieces          Free shipping Self Balancing Foldable 350 -500W 8.5 10 Inch Wheels Powerful Adults & Kids EU & USA Warehouse Electric Scooter   $58.00 - $108.00   Min. order:2 pieces          2023 dual motor 8.5' Hover board scooter Led wheels electric self-balancing electric scooters   $20.00 - $58.00   Min. order:2 pieces          Best Cafe Racer 50mph Double Motor 3000W Electric Bike 5000W 2000W Hydraulic Disc Brake Fat Beach Cruiser E-bike   $529.00 - $589.00   Min. order:10 pieces,Top Factory Best Quality Cool Design high quality electric bike 1000w 60v 20ah lead-acid battery electric scooter,$98.00 - $189.00,,powerpac mountainbike e bike   mountainbike parts   gt mountainbike   mountainbike rims   mountainbike 48v 1000w   bicycle mountainbike   best mountainbike   mountainbike sale   mountainbike bicycles   mountainbike size,Sports & Entertainment         Cycling         Electric Bicycle         Electric Hybrid Bike
"Tts 55 Twotrees Mini Glass Wood Desktop Cutting Grabadora Lazer Cnc Tree Cutting For Acrylic Graving Co2 Laser Engraving Machine - Buy Laser Engraving Machinestwotrees Tts55 Woodworking Router Maquina De,Wood Laser Engraving Machine,Laser 3d Printer Product on Alibaba.com",cnc router machine,TTS 55 Twotrees Mini Glass Wood Desktop Cutting Grabadora Lazer Cnc Tree Cutting For Acrylic Graving CO2 Laser Engraving Machine,"Shenyang Paipuruite International Trade Co., Ltd.",,Tts10 Twotrees Laser Engraver Maquina De Grabado Laser Para Metal Maquina Para Aperitivos Laser Engraving Machines,$239.00 - $259.00,,"Engraving Area    300*300mm        Laser Type    DIODE        Engraving Speed    10000mm/min        Graphic Format Supported    AI, PLT, DXF, BMP, Dst, Dwg, LAS, DXP        Cooling Mode    Air Cooling",,$189.00/set,Min. order: 20,Min. order: 20,With photos/videos (2)   5 stars (7),"M     M***i       Jan 6, 2024                                                           I am really very satisfied with this company, very good service, very good help, so everything can be of service to you, delivered on time.not only that, the service is very fine, very good, so the quality is great, you can buy it immediately without hesitation!            Cnc 3018 Mini Router Machine Cnc Router Fresadora Dsp Controller For Cnc Wood Router          M     M***i       Jan 3, 2024                                                           always the best, the best, the best price, quality, service, support, everything you need is here, call or you will get it immediately, which is only for this company, not anywhere else, try it and you will see for yourself   Reviews with 2 repeated content are hidden       Twotrees 300x300x22mm Laser Cutting aluminum Honeycomb Working Table Board panel for CO2 or Diode Laser Engraver Cutting Machine          M     M***i       Jan 3, 2024                                                           always the best, the best, the best price, quality, service, support, everything you need is here, call or you will get it immediately, which is only for this company, not anywhere else, try it and you will see for yourself❤️\uD83D\uDCAF            TTS 55 Twotrees C02 Mini Desktop Cutting For Acrylic Lazer 3d Photo Crystal Gravur Mark Printer Engraver Laser Engraving Machine","Shenyang Paipuruite International Trade Co., Ltd.",,,1 - 19 sets    $189.00      >= 20 sets    $169.00,,,Cnc 3018 Pro Cnc Router Machine For Wood Cnc For Metal Wood Router   $99.00 - $109.00   Min. order:1 set          Cnc 3018 Guangdong Carving Machine Lazer Cnc Atc Cnc Machine Wood Router   $99.00 - $109.00   Min. order:1 set          Cnc 3018 Cnc Router Fresadora Cnc Machine Working Wood Router   $99.00 - $109.00   Min. order:1 set          Cnc Ttc 450 Twotrees Pro Diy For Woodworking Jewelry Cnc Machine Wood Router   $369.00 - $389.00   Min. order:1 set          Cnc 3018 Pro Cnc Metal Engraving Machine Jinan Quick Cnc Wood Router   $99.00 - $109.00   Min. order:1 set,TTS 55 Twotrees Grabador Lazer Portatil CNC Cutting For Acrylic Cheap Price Automatic 3D Glass CO2 Laser Engraving Machines   $169.00 - $189.00   Min. order:1 set          TTS 55 Twotrees Mini Desktop Glass Grabadores Lazer Wood CNC CO2 Cutting For Acrylic 3D Photo Crystal Laser Engraving Machine   $169.00 - $189.00   Min. order:1 set          Laser Engraving Diy Engraver Cutter Laser Carving Machine Marking Machine Engraving Cutting Machine   $159.00 - $179.00   Min. order:1 set          Tts 5 Twotrees Grabadores Laser Axis Cnc Router For Metal And Plastic Laser Engraving Machines   $169.00 - $189.00   Min. order:1 set          TTS 55 Twotrees Mini 5 Axis Cut Lazer Glass Corte Competitive Pricetone Wood CNC Cutting CO2 Laser Engraving Machines   $169.00 - $189.00   Min. order:1 set          Tts 5 Twotrees Graveur Laser Router For Wood And Cutting Machine Lezer Cutting Laser Engraving Machines   $169.00 - $189.00   Min. order:1 set          TTS 55 Twotrees Mini Desktop Lazer Glass Wood CNC CO2 Grabador Cutting For Acrylic 3D Photo Crystal Laser Engraving Machine   $169.00 - $189.00   Min. order:1 set          TTS 55 Mini Automatic Co2 Galvo De Gravure Lazer Wood Lazer Cutting Machines Credit Card Cnc Laser Engraving Machines   $169.00 - $189.00   Min. order:1 set,TTS 55 Twotrees Mini Graveur Desktop Wood Gemstone Lazer CNC 3D Photo Crystal CO2 Laser Cutting Glass Laser Engraving Machines,$169.00 - $189.00,Min. order:1 set,eco maquinas brick machine   aluminio escalera maquina remachadora   maquina industrial   maquinas impresoras   maquinas automaticas   maquina para   maquinas herramientas cnc   maquinas yogurt   detox maquina   china maquina,Industrial Machinery         Industry Laser Equipment         Laser Engraving Machines
"Off Power Gasoine Brush Cutter With 2 Stroke For Garden - Buy Power Stroke Brush Cutter,Brush Cutter,Gasoline Brush Cutter Product on Alibaba.com",brush cutter,OFF Power Gasoine Brush Cutter With 2 Stroke For Garden,"Shanghai Yanto Industry Co., Ltd.",13 yrs,CG520B Gasoline 2 Stroke Engine Brush Cutter Grass Cutting Machine BC520,$45.62 - $60.49,Min. order:1 piece,"Feature    2-Stroke, Forced Air Cooling, Single Cylinder        Voltage    NO        Power    0.9kW/6000rpm",1000 Piece/Pieces per   Month,,,,With photos/videos (13)   5 stars (3044)   4 stars (17)   3 stars (2)   2 stars (1)   1 star (3),"j     j***a      Jan 15, 2024                                                           신속하고 친절한 상담과 빠른 배송 제품 모두 좋아요       NEW OIL FILTER   Replacement  FOR B&S 492932 492932S Oil Filter      Supplier's reply:  Thank you very much for your satisfaction with the product, thank you for your support of YANTO, look forward to more cooperation in the future!        G     G***s       Dec 17, 2023                                                           machine smaller then expected does job that it was bought for only problem once going machine won't stop belt sticking to pulley, but for the price happy with purchase       SW-02-7.0 Grass Lawn Mower 7HP Gasoline Sickle Bar Mower Scythe Mower 80CM cutting blade          A     A***a       Aug 5, 2023                                                           The item arrived on time. The service is great. They offered customizations for small order. They also communicate very well.       VISE-FV081X Chainsaw Sharpening Jig Chain Saw Sharpener Tool Chainsaw Sharpener Kit","Shanghai Yanto Industry Co., Ltd.",Multispecialty supplier   13 yrs,"Registered trademarks (3)       Store rating   4.8/5     On-time delivery rate   93.3%     Response time   ≤3h     Online revenue   $260,000+     Main markets   South America,Central America,North America       Services    Minor customization",,,Start order request    Contact supplier,Gas Powered Backpack 4 Stroke Garden Sprayer   $50.00 - $100.00   Min. order:1.0 piece          Trimmer Tiller Cultivator Weeder Attachment   $18.00 - $19.00   Min. order:1 piece          CG438 35.8cc 2 in 1 Grass Brush Cutter With 4 stroke Engine Petrol Strimmer   $42.21 - $55.97   Min. order:1 piece          Woodworking Circular Saw Home Decoration Portable Chainsaw Multifunctional Flip Table Saw Circular Saw Cutting Machine   $25.00 - $58.00   Min. order:1.0 piece          3WF-3 Two-Stroke Engine Type Power Spray Mist Blower Backpack Agricultural Spreader   $44.25 - $58.68   Min. order:1 piece,CGM438 4 Stroke GX 35 Brush Cutter multifunction garden tool gx35 Grass Cutter 4 in 1 Petrol Strimmer Pole Chainsaw   $79.99 - $89.99   Min. order:2 pieces          CGC001-1E44F Gasoline 2 Stroke 52cc Hand Push Brush Cutter Grass Trimmer Cutting Machine For Garden With Two Wheels   $58.00 - $104.00   Min. order:20 pieces          CGM5200-TL 52cc Multi Function Garden Tools 5 in 1 Gasolline Brush Cutter Trimmer Grass Trimmer Cutting Machine   $85.00 - $103.00   Min. order:2 pieces          CGM438 Multi 4 strokes GX35  brush cutter pole saw 6 in 1 power tools gas grass cutter   $79.00 - $85.50   Min. order:1 piece          CGM450 Multifunction 4 Stroke Brush Cutter Gasoline Engine Power Strimmer Grass Cutting Machine   $55.00 - $100.00   Min. order:2.0 pieces          DC36V Cordless Electric Pruning Shears Battery-Powered Cutter for Garden Trees Branches Coated Pruning Tool   $238.85 - $265.00   Min. order:1 bag          CG51Y Gasoline 4 Stroke Wheeled Hand Push Brush Cutter Grass String Trimmer Mower Cutting Machine For Garden With Double Wheels   $200.00 - $300.00   Min. order:1.0 piece          52cc Professional Brush Cutter Strimmer Trimmer for Garden Farm   $120.00 - $135.00   Min. order:2 units,Cordless Spray Gun Lithium Battery Small Rechargeable Household Spray Gun Paint Sprayer,$19.00 - $73.00,Min. order:1.0 piece,kawasaki brush cutter   electric brush cutter   maruyama brush cutter   grass cutter   honda brush cutter   mitsubishi brush cutter   backpack brush cutter   stihl brush cutter   makita brush cutter   echo brush cutter,Tools & Hardware         Garden Tools         Power Trimmers         Power String Trimmer
"Gc Wholesale 40oz Tumbler With Handle Tumbler With Straw Sublimation Cup Botellas Para Agua Tumblers Wholesale Bulk - Buy Gc 40oz Tumbler With Handle Sublimation Termos De Agua Gym Water Bottle Stainless Steel Garrafa Mugs Water,Gc 40oz Tumbler With Handle Sublimation Termos De Agua Insulated Water Bottles Copo Termico Metal Cups,Gc 40oz Tumbler With Handle Leopard Bouteilles D'eau Stainless Steel Water Bottle Vaso Termico Cute Cups Product on Alibaba.com",40 oz tumbler,GC wholesale 40oz tumbler with handle tumbler with straw sublimation cup botellas para agua tumblers wholesale bulk,"Yiwu Shizi Home Furnishing Products Co., Ltd.",,Custom bpa free eco friendly 34oz Double Wall insulated bottle 1 litre stainless steel bottle insulated metal water bottles,$4.90 - $6.00,Min. order:50 pieces,,10000 Piece/Pieces per   Day,$10.00/piece,Min. order: 500,Min. order: 500,With photos/videos (2)   5 stars (24),"F     F***z      Jan 14, 2024                                                        Good quality and best service,we love them very much      I     I***h      Jan 10, 2024                                                        The item was delivered in a timely manner. The quality of the tumbler is excellent and very detailed. The customer service was exceptionally great.      j     j***k       Dec 8, 2023                                                        products came in and received in a timely manner, subbed beautifully will order again.   Supplier's reply:  Thank you for your five-star review, my friend. I will provide you with more attentive service.","Yiwu Shizi Home Furnishing Products Co., Ltd.",Multispecialty supplier   1 yr,"Store rating   4.9/5     On-time delivery rate   100.0%     Response time   ≤2h     Online revenue   $80,000+     Main markets   South America,North America,Central America       Services    Minor customization     Full customization      Quality control    Raw-material traceability identification     Finished product inspection        Order with confidence      Evaluated as top-rated supplier",25 - 499 pieces    $3.80      500 - 999 pieces    $3.65      1000 - 4999 pieces    $3.50      >= 5000 pieces    $3.20,20 Color;   1 Capacity.,,Wholesale OEM water bottle carrier holder bag with shoulder Neoprene  40oz Water Bottle Carrier bag with phone pocket   $1.90 - $2.50   Min. order:50 pieces          wholesale black mini tumbler 2oz 3oz dropper bottle metal mini 2oz 3oz shot glass tumbler with straw lid 2oz jar with lid   $1.30 - $1.70   Min. order:50 pieces          wholesale New cute plastic straw cup transparent double-layer plastic water cup kid water bottle bulk   $2.70 - $3.10   Min. order:20 pieces          wholesale Cute Pearl Chain Glass Water Cup Portable Double Drinking Cup kid water bottle manufacture   $1.70 - $2.20   Min. order:20 pieces          GC tomatodos kawaii botella de agua botella de agua  botellas  para perro para sublimar termos de plastico   $2.20 - $2.60   Min. order:96 pieces,wholesale 40oz valentines day tumbler with handle termo acero inoxidable portatil custom water bottles dropshipping   $4.30 - $5.20   Min. order:20 pieces          GC water bottle for kids vasos de acero inoxidable cup kids water bottle cartoon kids water bottle bpa free   $0.90 - $2.20   Min. order:50 pieces          Custom termo digital smart coffee cup tasse a cafe Intelligent temperature display thermos wholesale bulk temperature display   $1.80 - $3.04   Min. order:25 pieces          Speaker tumbler tumblers wholesale bulk 40 oz tumbler with handle with Bluetooth Speaker tumbler with straw 40oz with handle   $10.20 - $11.50   Min. order:5 pieces          wholesale termos digitales termo inteligente termos acero inoxidable cafe smart coffee tumblers cup Intelligent botella   $1.90 - $3.20   Min. order:25 pieces          GC  manufacturer golden supplier 30oz travel tumbler termos de agua gym cups custom logo reusable cups   $2.44 - $3.34   Min. order:100 pieces          GC botella agua plastic cup  botellas de agua infantil cup plastic vasos de plastico plastic mug pla cup   $1.60 - $2.20   Min. order:100 pieces          Custom termos digitales botella de agua insulated water bottles termo thermos smart water bottle motivational water bottle   $1.35 - $2.10   Min. order:25 pieces,GC kids thermos bottle termos de agua gym kids water bottle termo de agua termo motivacional kawaii water bottle,$2.90 - $4.50,Min. order:50 pieces,starbucks tumbler   coffee tumbler   copper tumblers   water tumbler   plastic tumbler   cheap tumblers   32oz tumbler   tea tumbler   insulated tumblers   wine tumbler,Home & Garden         Kitchen & Tabletop         Drinkware         Vacuum Flasks & Thermoses
"2022 Eco Friendly 500ml Stainless Steel Vacuum Thermos Insulated Water Bottle With 3 Lids - Buy Travel Thermos,Insulated Water Bottle,Eco Friendly Thermos Product on Alibaba.com",thermos bottle,2022 Eco friendly 500ml stainless steel vacuum thermos insulated water bottle with 3 lids,"Yongkang Hejia Industry And Trade Co., Ltd.",4 yrs,Cheap Sell 20 Ounce 304 Metal Stainless Steel Cocktail Premium Suction Boss Tall Tumbler Cups,$1.89 - $3.69,Min. order:20.0 pieces,,30000 Piece/Pieces per   Day,$5.00/piece,,,,"S     S***I       Jan 16, 2024                                                        Satisfait      K     K***e      Jan 9, 2024                                                        this order had not arrived in Canberra. I have notification of order having been delivered in the US.   Reviews with 1 repeated content are hidden      O     O***e      Oct 24, 2023                                                        The product is very good and the seller is excellent. I recommend.   Supplier's reply:  Thanks very much for your 5 stars view.
Hope we can run more business soon!","Yongkang Hejia Industry And Trade Co., Ltd.",Custom manufacturer   4 yrs,"Store rating   4.7/5     On-time delivery rate   98.6%     Response time   ≤3h     Online revenue   $160,000+     Floorspace   21000m²     Staff   191       Services    Minor customization      Quality control    QA/QC inspectors (11)     On-site material inspection        Order with confidence      Verified as Custom Manufacturer",,5 Color;   1 Capacity.,Start order request    Contact supplier,Custom unique logo 500ml double wall insulated stainless steel water bottles with lid   $1.29 - $4.69   Min. order:5.0 pieces          Wholesale stainless steel 20oz matte sublimation blanks skinny tumbler with lid and straw   $0.15 - $2.39   Min. order:25.0 pieces          Custom logo sublimation blank 12 oz stainless steel insulated beer can cooler holder   $1.69 - $3.59   Min. order:25.0 pieces          500ml hot and cold sublimation blanks digital smart led display thermos water bottle gift set   $1.89 - $3.39   Min. order:25.0 pieces          Wholesale chinese suppliers promotional price stainless steel water bottles with custom logo   $1.89 - $2.99   Min. order:25.0 pieces,wholesale 500ml blanks sublimation double wall stainless steel thermos cup   $1.50 - $4.50   Min. order:5.0 pieces          Customize designed eco friendly inteligente water bottle thermos manufacturers   $1.69 - $3.69   Min. order:25.0 pieces          Wholesale Eco Friendly Portable Hot And Cold Water Bottle Reusable Thermos Vacuum Flask   $2.39 - $3.69   Min. order:100.0 pieces          30 oz Black Double Wall Bottle Stainless Steel Tumbler Cup Beer Mug With Handle   $1.89 - $4.39   Min. order:25.0 pieces          Chinese manufacturers eco friendly unisex portable luxury travel thermos cup   $2.29 - $6.99   Min. order:50.0 pieces          Customize high qulaity 500 ml vacuum stainless steel water bottles thermos flasks   $1.49 - $4.49   Min. order:5.0 pieces          Wholesale 40oz Double Wall Insulated Stainless Steel Tumbler With Straw And Handle   $3.29 - $3.99   Min. order:50 pieces          12oz Stainless Steel Thermos Cups Vacuum Flasks Insulated Thermoses   $1.59 - $3.39   Min. order:20.0 pieces,Dishwasher safe 12oz stainless steel can cooler wine tumbler holder with lid,$1.69 - $3.59,Min. order:25.0 pieces,japanese thermos   electric thermos   mini thermos   2 liter thermos   stanley thermos   soup thermos   tiger thermos   coffee thermos   tea thermos   thermos flask,Home & Garden         Kitchen & Tabletop         Drinkware         Vacuum Flasks & Thermoses
"Single Component Epoxy Adhesive Glue For Making Flap Disc - Buy Single Component Epoxy Adhesive Glue,Glue For Making Flap Disc,Epoxy Adhesive Glue Product on Alibaba.com",women's clothing,Single component epoxy adhesive glue for making flap disc,"Jia County Yihong Abrasives Co., Ltd.",10 yrs,115 flap disk 40 grit aluminium oxide flap disc for stainless steel,$0.12 - $0.25,Min. order:1000 pieces,,80000 Barrel/Barrels per   Month,,,,With photos/videos (5)   5 stars (99)   4 stars (5)   3 stars (3)   2 stars (1),"G     G***      Dec 13, 2023                                                           High quality product, very co-operative staff, Friendly behaviour.       OEM 14 inch 355x3.2x25.4mm Cutting Wheels 14inch Cutting Disc For Metal,  Stainless steel Cutting          J     J***D      Dec 11, 2023                                                           Great communication, Easy to trade with, Excellent product, Very fast delivery.       zirconia sanding belts for grinding and polishing ZA abrasive belt for knife and stainless steel and metal grinding polis          S     S***e       Dec 4, 2023                                                           quality of products as per my requirement and efficient seller   Reviews with 2 repeated content are hidden       5 inch Concial disco flap de fibra 125x22 grano 60 en tela economic zirconium tu marca T29","Jia County Yihong Abrasives Co., Ltd.",Custom manufacturer   10 yrs,Supplies Fortune 500 companies       Store rating   4.8/5     On-time delivery rate   95.8%     Response time   ≤5h     Total annual revenue   $5406499     Production lines   52     R&D engineers   3       Services    Design-based customization     Full customization      Quality control    QA/QC inspectors (5)     On-site material inspection        Order with confidence      Verified as Custom Manufacturer      Evaluated as top-rated supplier,2 - 9 barrels    $5.50      >= 10 barrels    $5.00,,Start order request    Contact supplier,"Yihong full  automatic flap disc making machine for flap disc production   $0.08 - $0.25   Min. order:20000.0 pieces          Stainless Steel Abrasive Tools 4 inch Metal Cutting Discs Suitable for Stainless Steel INOX and Metal Precision Cutting   $0.07 - $0.08   Min. order:800 pieces          YIHONG Aluminum Oxide Resin Fiber Disc Sanding Disc for Metal Stainless Steel Polishing Grinding   $0.02 - $0.11   Min. order:10 pieces          fully flap disc making machine with glue pump and specification in semi-auto & full-auto flap disk production line   $2,000.00 - $40,000.00   Min. order:1.0 set          4.5'115x22mm disco flaps 4 1/2 flap disk flap disc metal sanding disc 40# 60# 80# 120#   $0.30   Min. order:200.0 pieces",,100*70*25mm Emery Washing Abrasive Sanding Foam Sponge Sanding Block,$0.12 - $0.15,Min. order:100 pieces,uhu glue   adhesive   e6000 glue   spray adhesive   pvc glue   pva glue   wood glue   green glue   ca glue   502 glue,Tools & Hardware         Power Tool Accessories         Sanding Discs
"Wholesale Double Wall Customized Logo Travel Stainless Steel Tumbler Vacuum Insulated Flask For Kid School - Buy Insulated Stainless Steel Travel Mugs With Custom Logo,Stainless Steel Egg Shape Mugs,Double Wall Factory Directly Tumbler Vacuum Mug Product on Alibaba.com",kids vacuum flask,Wholesale Double Wall Customized Logo Travel Stainless Steel Tumbler Vacuum Insulated Flask For Kid School,"Guangzhou Xurui Plastic Products Co., Ltd.",,,,,,3000 Piece/Pieces per   Month,$7.00/piece,Min. order: 500,Min. order: 1000,5 stars (1),"M     M***m      Dec 13, 2023                                                        Quality of the product is reliable","Guangzhou Xurui Plastic Products Co., Ltd.",Custom manufacturer   1 yr,"Registered trademarks (2)       Store rating   4.8/5     On-time delivery rate   100.0%     Response time   ≤4h     Online revenue   $5,000+     Floorspace   12000m²     Staff   102       Services    Minor customization     Design-based customization      Quality control    Raw-material traceability identification     QA/QC inspectors (1)        Order with confidence      Verified as Custom Manufacturer",2 - 499 pieces    $5.22      500 - 2999 pieces    $5.00      3000 - 99999 pieces    $4.78      >= 100000 pieces    $2.10,4 Color;   1 Capacity.,,Manufacturer Wholesale Free Sample 500Ml Private Label Bpa Free Gym Sport Travel Drinking Plastic Water Bottle With Straw Strap   $3.67 - $4.12   Min. order:2 pieces          Customized Logo Tritan Bpa-Free Kids Clear Plastic Water Bottle Drinking Bottle With Double Drinking   $3.10 - $3.50   Min. order:2 pieces          High Quality Custom Bpa Free Tritan Drinkware Gym Fitness Motivational Plastic Water Bottles With Time Marker   $2.70 - $2.90   Min. order:2 pieces          Popular Design Bpa Free Plastic Kids Water Drinking Bottle Diy Funny Stickers 420Ml Water Bottle   $2.00 - $2.30   Min. order:2 pieces          2023 New Design Plastic Kids Water Bottle Cute Printing Child Drink Water Bottle With Double Straw   $2.00 - $2.30   Min. order:2 pieces,Custom Stainless Steel Tea Thermal Vacuum Flask Smart Travel Thermos Cup Water Bottle   $2.20 - $2.50   Min. order:2 pieces          Double Wall Vacuum Bottle Silicon Straw 304 Stainless Steel Thermos Cup Flasks For Kids And Girl   $3.80 - $4.20   Min. order:2 pieces          OEM 500Ml Led Temperature Display Smart Bottle Thermos Smart Intelligent Termo Digital Vacuum Flask Cups   $0.50 - $1.98   Min. order:160 pieces          Custom logo Outdoor large capacity insulation flask bottle 304 stainless steel household water bottle thermos   $11.49 - $12.54   Min. order:2 pieces          New Arrival 304 Stainless Steel Thermos Cup 40Oz Straw Large Car Portable Handle Cup Tumbler   $2.80 - $3.00   Min. order:2 pieces          40Oz Thermos Double Walled  304Stainless Steel Vacuum Coffee Thermos For Cold Drinking   $7.81 - $8.52   Min. order:2 pieces          304 Stainless Steel Cartoon Thermos Cup Cute Vacuum Double Layer Vacuum Flask Insulated Stainless Steel Drink Water Bottle   $3.80 - $4.20   Min. order:2 pieces          2023 New Hot sell tumbler water bottle large capacity 1L 2L double wall stainless steel portable thermos   $7.81 - $8.52   Min. order:2 pieces,New Stainless Steel Thermo Cup Large Capacity Portable Outdoor Sports Water Bottle,$4.10 - $4.50,,mug   magic mug   tiki mug   copco travel mug   ceramic travel mug   travel coffee mug   beer mug   contigo travel mug   starbucks travel mugs   8oz travel mug,Home & Garden         Kitchen & Tabletop         Drinkware         Vacuum Flasks & Thermoses
"Wholesale 36v 1000w Folding Dubai Bike Electric Bicycle/electric Bicycle Germany/e Bikes 2023 Electric Bicycle - Buy 1000w Electric Bicycle/electric Fat Tire Bike/electric Hybrid Bike/electric Cargo Bike/bike Electric,Folding Bicycle Electric/e Bikes 2023 Electric Bicycle,Dubai Electric Bike Bicycle/eec Electric Bicycle Product on Alibaba.com",electric bicycle,Wholesale 36v 1000w folding dubai bike electric bicycle/electric bicycle germany/e bikes 2023 electric bicycle,"Shenzhen Innoview Technology Co., Ltd.",3 yrs,"Plastic Motorcycle Bicycle Chain Clean Brush,Gear Grunge Brush,MTB Mountain Bike Machine Washer Brush Scrubber Cycling Clean Kit",$0.99 - $1.78,Min. order:20 pieces,Gears    6 Speed        Frame Material    Steel        Wheel Size    14'        Voltage    48V        Power Supply    LEAD-ACID BATTERY        Braking System    Front and Rear Wheel V Brake        Battery Capacity    12AH,3000 Piece/Pieces per   Day,,Min. order: 200,Min. order: 200,With photos/videos (46)   5 stars (348)   4 stars (12)   3 stars (8)   1 star (1),"O     O***n       Oct 20, 2023                                                           pictures are definitely deceiving... they 'look' high quality, but they are similar to a plastic toy.
light output is definitely not there.       Super Bright 4 Core LED Flashlight COB Side Light USB Rechargeable Multi-functional Portable Torch For Outdoor Camping Light          M     M***a      Oct 16, 2023                                                           De momento va todo bien lo he recibido hoy por la tarde       L     L***y      Sep 29, 2023                                                           very cute n good product. plus the customer service is excellent! recommended.       Eilik - A little Companion Bot with Endless Fun Smart Robot Toy","Shenzhen Innoview Technology Co., Ltd.",,,10 - 99 pieces    $88.00      100 - 199 pieces    $85.49      200 - 999 pieces    $81.00      >= 1000 pieces    $78.30,6 Color;   1 Wattage.,Start order request    Contact supplier,Custom Logo China Supplier 350w Electric Scooter Adult Electric Bicycle Chinese Motor Scooters   $89.95 - $104.95   Min. order:1 piece          Hot Sales20inch OUXI V8 1000w Electric Bicycle Fat Tire E-bike For Adults 48v 50km/h Off Road City Ebike Fatbike In US EU Dutch   $488.00 - $498.00   Min. order:2 pieces          2022 New Model Super Power Electric Bike Fat Tire Electric Mountain Bicycle   $599.00 - $719.00   Min. order:1 piece          Hot SalesFactory Price Ouxi V8 Fat Tire Mountain Bikes 50km/h Fat Tire Electric City Bikes In EU USA Warehouse Fatbikes   $488.00 - $535.00   Min. order:1 piece          Ultra Bright Mini Led Flashlight Usb Rechargeable Battery Power Bank Function Torch Outdoor Camping Fishing Hiking Flash Light   $1.64 - $2.05   Min. order:10 pieces,Eilik - A little Companion Bot with Endless Fun Smart Robot Toy   $139.90   Min. order:2 pieces          New Hot sale 3000w bathroom kitchen electric hot water faucet instant electric shower water heater   $9.55 - $10.99   Min. order:1 piece          2022 Appliqued mermaid crystal wedding dress off shoulder V neck simple wedding dress mermaid tail wedding dress bridal gown   $80.94 - $89.61   Min. order:1 piece          fat electric bicycle fat bike ouxi v8 electric fat tire bike 20inches ebike 250w 25km fat tire e-bikes EU warehouse   $488.00 - $496.00   Min. order:2 pieces          Luxury Rhinestone Heavy Beaded Wedding Gowns Handmade Crystal Ball Gown Arab Wedding Dresses   $257.00 - $299.00   Min. order:1 piece          New Top selling 12kg top load fully automatic laundry clothes washing machine with dryer for home   $98.00 - $99.96   Min. order:1 piece          2020 Dot Patchwork Elegant Party Floral Maxi Dress Ladies Summer Casual Dress Fashion Women Dress   $3.50 - $3.80   Min. order:10 pieces          New 4.5kg small washing machine semi-automatic single-tub washing machine for laundry   $10.49 - $12.64   Min. order:2 pieces,Best Pre Pxn-V9 900 Racing Game Steering Wheel For Pc Ps3 Ps4 es One Switch Rotatable,$80.18 - $88.00,Min. order:10.0 pieces,electric bike   folding electric bike   foldable electric bicycle   motorised bicycle   folding electric bicycle   yamaha electric bicycle   3 wheel bicycle   used electric bicycles   cheap electric bike   electric folding bike,Sports & Entertainment         Cycling         Electric Bicycle         Electric Hybrid Bike
"2023 Popular Modern Simple Office Furniture Luxury Office Desk - Buy 2023 Hot Sale Office Desk,Modern Simple Office Desk,Deluxe Office Desk Product on Alibaba.com",table office desk,2023 popular modern simple office furniture luxury office desk,"Changzhou Oumao Household Co., Ltd.",2 yrs,European Trade Home Custom Industry Modern home rectangular bookshelf Integrated metal frame learning computer desk,$18.00 - $23.00,Min. order:2.0 pieces,,,$33.00/piece,Min. order: 300,Min. order: 300,With photos/videos (3)   5 stars (17)   4 stars (1)   3 stars (3)   1 star (11),,"Changzhou Oumao Household Co., Ltd.",,,,2 Color;   6 Size.,,2023 popular customized high-end modern household luxury shoe cabinet   $16.00 - $28.00   Min. order:2.0 pieces          2023 top-selling high-end luxury household high-quality shoe rack cabinet   $20.00 - $34.00   Min. order:2.0 pieces          Hot-selling customized new product modern simple female household bedroom with mirror dresser   $20.00 - $33.00   Min. order:2.0 pieces          Factory direct sales simple home desk bookshelf integrated study desk home computer desk   $18.00 - $21.00   Min. order:2 pieces          New hot sale luxury design female bedroom furniture high quality dresser   $27.00 - $29.00   Min. order:2.0 pieces,Modern Office Desk Table  Luxury White  Computer Executive Office Desk For Ceo   $18.00 - $27.00   Min. order:2.0 pieces          OEM Factory Modern Compact Workstation Computer Desk Dressing Study Table   $9.00 - $17.00   Min. order:2.0 pieces          White Computer Desk Modern  Home Office Desk Wood White Desk   $18.00 - $27.00   Min. order:2.0 pieces          2023 Best-selling custom style home modern design luxury office desk   $26.00 - $31.00   Min. order:2.0 pieces          Factory direct sales luxury design home high quality office desk   $37.00 - $49.00   Min. order:2.0 pieces          Modern cheap staff office computer desk secretary office desk   $17.00 - $27.00   Min. order:2.0 pieces          Hot Sale Cheap Portable Accessories Computer Study Table Sturdy Office Desk   $12.50 - $19.00   Min. order:5.0 pieces          Factory Hot Sale Racks Wooden Design Shoe Rack Organizer Storage Cabinet   $9.00 - $13.00   Min. order:2.0 pieces,2023 Hot Selling Modern Simple Nordic Style Living Room Household Fashion Cabinet,$11.00 - $21.00,Min. order:10.0 pieces,,
"3d Laser Engraving Machine Tts-55 Cutting Lazer Cnc Portable Lazer Fiber Mini For Metal Engraver Corte Co2 Wood Diode 12v 4a Dc - Buy High Speed Wood Stainless Steel Metal Industry Desktop Fiber Laser Metal Cutter Cutting Machine Laser Equipment,Odm Cheap High Precision Co2 Cnc Diy Home Card 3d Crystal Photo Logo Dog Tag Imprimantes Laser Engraving Machine,China Factory Top Best Supplier Wholesale Custom Plywood Wood Acrylic Leather Co2 Mini Laser Engraving Cutting Marking Machine Product on Alibaba.com",engraving machine,3D Laser Engraving Machine TTS-55 Cutting Lazer Cnc Portable Lazer Fiber Mini for Metal Engraver Corte CO2 Wood DIODE 12V 4A DC,"Action Intelligent Equipment (shenyang) Co., Ltd.",2 yrs,"TWOTREES CNC portable laser engraving machine for brand customized,20 watt 0.01mm high Precision 10w Laser Cutting Machine",$169.00 - $209.00,Min. order:1 piece,"Engraving Area    300mm(11.8in)*300mm(11.8in)        Laser Type    DIODE        Engraving Speed    10000mm/min        Graphic Format Supported    BMP, Dwg, DXF, AI, PLT, Dst, LAS, DXP        Cooling Mode    Air Cooling",,$189.00/piece,Min. order: 50,,With photos/videos (1)   5 stars (2)   4 stars (1),"I     I***d      Jul 31, 2023                                                        I ordered a laser ingraver and it has not showed up yet, when it does than there will be an update!!   Supplier's reply:  Thank you for your comments, and I also look forward to your news that you have receivied your goods~       S     S***a      May 23, 2023                                                        It looks very good!           C     C***h      Aug 2, 2023                                                        짱이다!","Action Intelligent Equipment (shenyang) Co., Ltd.",Custom manufacturer   2 yrs,"State-recognized enterprise       Store rating   4.7/5     On-time delivery rate   100.0%     Response time   ≤2h     Online revenue   $120,000+     Floorspace   1312m²     Staff   28       Services    Sample-based customization     Full customization      Quality control    Finished product inspection     Quality traceability        Order with confidence      Verified as Custom Manufacturer",1 - 19 pieces    $189.00      20 - 199 pieces    $179.00      >= 200 pieces    $129.00,,,Professional Cutter Diy Mini Cnc Desktop Laser Engraving Machine For Leather Phone Case   $189.00 - $279.00   Min. order:1 set          Newest High Performance Cnc 3018 3 Axis Cnc 3040 Mini Engraving Cnc Wood Router Cutting Machine 3d Wood Making Machine T8 Screw   $97.00 - $107.00   Min. order:1 set          Mini Diy CNC 3018 PRO CNC Router Kit GRBL Laser Engraving Machine 2500mW 5500mW 15W Module   $97.00 - $107.00   Min. order:1 set          AC Maquina De Grabado Laser Machine Laser Gravur Machine Metal Laser Marking Machines 3D CO2 Two-axis Synchronous Machine   $169.00 - $189.00   Min. order:1 piece          TWOTREES 3d Printer Laser Engraving machine Y-axis Rotary Roller Engraving Module for Engraving Cylindrical Objects Cans   $12.00 - $19.00   Min. order:1 piece,Desktop Laser Machine TT25 7.5w Laser Cutting Machine for Metal/Wood Router laser engraving Ready to ship Belgium   $129.00 - $179.00   Min. order:1 piece          TWOTREES Fawaterproofng Lazer Cutting Machine for Wood and Metal Laser Master 3 20000mm/min 3D Glass Engraving Machine DIODE   $149.00 - $179.00   Min. order:1 piece          Tts 55 Twotrees Laser Gravur Xtool D1 Pro De Grabado Laser Engraving Machine 3D DIODE Leather Patch Machine   $99.00 - $189.00   Min. order:1 piece          ACTION Wer Gravure For Wood Grabadores Laser Laser Engraving Machines   $520.00 - $580.00   Min. order:1 set          Top Quality Cnc Creality For Mug Cokoaiai Laser Engraving Machine   $169.00 - $189.00   Min. order:1 piece          WER 6090 9060 90*60cm M2 Controller Co2 Laser Engraving Machine and Mini Cutter for Glass Cups Fabric Id Card Wood Laser Pulsed   $740.00 - $822.00   Min. order:1 set          Factory Direct Supply Mini Twotrees 2500mw 30x30cm Diode Engraver Engra Pecker 2s Laser Engraving Machine   $149.00 - $189.00   Min. order:1 piece          Tts 20 Twotrees Laser Gravur Xtool D1 Pro De Grabadolaser Engraving Machine Wood Lathe DIODE Glass Cutter Machine Yag for All   $479.00 - $529.00   Min. order:1 set,TWOTREES Laser Master 2 Pro S2 LU2-4 LF/SF Laser Module Desktop Laser Engraver Plywood Cutting Machine,,Min. order:1 piece,medical laser equipment   laser liposuction equipment   diode laser machine   laser liposuction machine   cold laser equipment   lipo laser machine   fraxel laser machine   laser therapy equipment   candela laser machine   laser surgery equipment,Industrial Machinery         Industry Laser Equipment         Laser Engraving Machines
"Fashion High Quality Metal Various Sizes Hardware Quick Link - Buy Hardware Quick Link,Quick Link,Stainless Steel Quick Link Product on Alibaba.com",hardware,Fashion High Quality Metal Various Sizes Hardware Quick Link,Dongguan Yaobo Metal Factory,10 yrs,,,,"Material    ZINC, ALLOY        Finish    ZINC PLATED        Type    custom",1000000 Piece/Pieces per   Month,$1.00/piece,Min. order: 500,Min. order: 500,,,Dongguan Yaobo Metal Factory,,,200 - 4999 pieces    $0.70      5000 - 9999 pieces    $0.50      >= 10000 pieces    $0.40,,Start order request    Contact supplier,,,Electric WiFI Remote Control Water Steam Fireplace Reality Flame Indoor For villa Fireplaces,,,spring link   swivel links   brass quick link   quick link spring hooks   master link   screw chain link   aluminum quick link   snap link   plastic quick links   bronze quick link,Tools & Hardware         Hardware         Other Hardware
