Property Type,property,codice_di_riferimento,price,classe_energetica,property_type,description,description,description,description,other,broker,other,phone_number,address
Appartamento in Vendita Firenze 32421069-56 | RE/MAX Italia,"110mq, 4 locali",Codice di riferimento: 32421069-56,435.000€,,Appartamento In Vendita Firenze 32421069-56,OTTIMO COME INVESTIMENTO!!!,"In prossimità della Stazione Santa Maria Novella, e del centro città, in zona ampiamente provvista di qualsiasi servizio pubblico, proponiamo in vendita in piccolo condominio un magnifico appartamento di quattro vani con tre ampi terrazzi. Attualmente l'alloggio è configurato come B&B ed è composto da una grande cucina a doppia luce dotata di un bellissimo terrazzo che si affaccia sul verde retrostante dell'edificio, tre grandi camere matrimoniali ognuna con bagno interno e terrazzo individuale oltre disimpegno e cantina. Particolarmente pregiata l'esposizione est-ovest, grazie alla quale l'immobile gode di una elevata luminosità in tutte le ore del giorno. L'abitazione è dotata di doppia porta blindata, climatizzatore in ogni vano ed è possibile fruire dell'ascensore già presente. Tutta l'impiantistica è stata rinnovata da pochi anni, opera necessaria per ricevere l'autorizzazione di affittacamere. Eccezionale posizione strategica su strada centrale, ma non affollata e con scarso traffico, dalla quale si può raggiungere a piedi in pochi minuti il centro città e le attrazioni più prestigiose come Piazzale Santa Maria Novella, Fortezza da Basso e la Cattedrale di Santa Maria del Fiore. L'immobile ha  un'ottima rendita economica ma possiede una versatilità straordinaria: è frazionabile in due bilocali autonomi, è utilizzabile come appartamento privato nonché in modalità promiscua in parte per uso personale e parte in B&B come da schema allegato. E' possibile l'acquisto della licenza B&B.",,"Near Santa Maria Novella Station and the city center, in an area widely provided with any public service, we offer for sale in a small building a magnificent apartment of four rooms with three large terraces. Currently the accommodation is configured as a B & B and consists of a large kitchen with double light with a beautiful terrace overlooking the green back of the building, three large double bedrooms each with private bathroom and individual terrace as well as hallway and cellar. Particularly valuable is the east-west exposure, thanks to which the property enjoys a high brightness at all times of day. The house is equipped with double security door, air conditioning in every room and you can use the elevator already present. All the plant has been renovated a few years ago, a work necessary to receive the authorization to rent rooms. Exceptional strategic location on a central road, but not crowded and with little traffic, from which you can walk in minutes to the city center and the most prestigious attractions such as Piazzale Santa Maria Novella, Fortezza da Basso and the Cathedral of Santa Maria del Fiore. The property is provides an excellent economic return but has an extraordinary versatility: it can be divided into two independent apartments, can be used as a private apartment as well as in mixed mode in part for personal use and part in B & B as per the attached scheme.    It's possible to purchase of the B & B license .",,,,,
Locale Commerciale in Vendita Milano 37881063-147 | RE/MAX Italia,"308mq, 2 locali",Codice di riferimento: 37881063-147,3.200.000€,,Locale Commerciale In Vendita Milano 37881063-147,"Nel cuore di Porta Genova, in una zona di forte passaggio, proponiamo in vendita un immobile commerciale con una superficie di 308 mq disposto su due livelli (piano terra e seminterrato). L'immobile si distingue per la sua eccezionale visibilità grazie alle 7 vetrine su strada e per la posizione privilegiata in una delle zone più trafficate e frequentate della città.",,"Ubicato in un contesto anni 70, al suo interno presenta una planimetria regolare sia per il piano terra che seminterrato.  Ad oggi, l'immobile verrà venduto con contratto di affitto in essere 9+9, con scadenza a fine aprile 2030.","Per motivi di riservatezza, su richiesta, saremmo disponibili a rilasciare maggiori informazioni una volta contattati.",Non specificato,Giuseppe Barberio,RE/MAX Class 4,3495...,"Via Cenisio, 14, 20154, Milano, MI, Italia"
Villa singola in Vendita Padova 38911001-5 | RE/MAX Italia,"3900mq, 15 locali",Codice di riferimento: 38911001-5,Richiedere quotazione,,Villa singola In Vendita Padova 38911001-5,Villa in stile ottocentesco situata tra Padova e Castelfranco Veneto ma originariamente costruita nel Quattrocento.,"Il corpo principale della nobile residenza è rappresentato da un importante palazzo classicheggiante nella parte più occidentale, con ampia facciata a sud verso il giardino all'italiana, il laghetto e l'ala seicentesca addossata ad un nuovo corpo di fabbrica. Sul lato est troviamo una barchessa con una torre colombara  e una cedraia, mentre un antico muro racchiude tutta la pertinenza.",DETTAGLI TECNICI:,Totale metri quadri: 3.900 (ca)    Metri cubi totali: 16.800 (ca)    3 Unità:  edificio principale  barchessa  casa del custode    1 Serra    1 Ghiacciaia    1 Cappella    1 Molo di attracco,Non specificato,Federico Panigati,The RE/MAX Collection Ultimate,,"Corso Magenta, 56, 20123, Milano, MI, Italia"
Appartamento in Vendita Firenze 37751019-140 | RE/MAX Italia,"85mq, 3 locali",Codice di riferimento: 37751019-140,480.000€,Classe energetica Non specificato,Appartamento In Vendita Firenze 37751019-140,"Proponiamo in vendita interessante appartamento in via del Ponte Sospeso, zona centrale e strategica, con ingresso indipendente.","L'appartamento è composto da ingresso su zona giorno con angolo cottura, duecamere da letto con bagno en-suite, ulteriore bagno con lavanderia, ripostiglio e terrazzino di 7mq. Completano la proprietà 3 posti auto.","L'appartamento è stato completamente ristrutturato con finiture moderne e raffinate. L'immobile è dotato di tutti i comfort, tra cui aria condizionata e riscaldamento autonomo.","L'immobile viene venduto completamente arredato.    Possibilità di acquistare a parte anche un fondo commerciale adiacente, della stessa proprietà.    Non ci sono spese condominiali",Non specificato,Lorenza Faraone Mattucci,RE/MAX Medicea,3272...,"Via Santo Spirito, 11/Palazzo dei Marchesi Dè Frescobaldi, 50125, Firenze, FI, Italia"
Cascina/Casale in Vendita Ostuni 36681007-93 | RE/MAX Italia,"1000mq, 15 locali",Codice di riferimento: 36681007-93,7.000.000€,,Cascina/Casale In Vendita Ostuni 36681007-93,"Viaggio nella Bellezza, le pietre raccontano: Il latifondo di Elvira a Lama Torre Bianca.",,Riepilogo superfici,"Terreno agricolo mq 1.350.000      I castelli stanno al corso inferiore della Loira come le masserie stanno alla Puglia. Meno conosciute delle fortezze Sveve e aragonesi, mi piace immaginare che attraverso di esse si possa entrare in contatto con un pezzo della nostra storia. Infatti oggi il simbolo, le ambasciatrici, il concept, come si dice oggi, della Puglia.      L'architettura rurale fiorita in Puglia nei secoli tra il XVI e il XVIII rispondeva a precise esigenze economiche.    Sottratte all'immenso patrimonio ecclesiastico, sorsero tra il Gargano e il Salento quali meravigliosi manieri per la produzione cerealicola, l'olivicoltura e l'allevamento. Per oltre quattro secoli inoltre la 'mena delle pecore' ne influenzo' decisivamente la conduzione e la fisionomia costruttiva.      Situata in agro di Ostuni, il latifondo è costituito da circa 135 ettari ettari. Ha attraversato il tempo intonso per le disposizioni testamentarie della nobildonna Elvira di Putignano che nel 1945 lo ha donato ad un convento di Napoli, con l'obbligo di devolvere le rendite al sovvenzionamento del Convento di Spinazzola. Questa modalità ha consentito il mantenimento della proprietà integra, evitando i frazionamenti che spessissimo parcellizzavano i vasti patrimoni agrari. La proprietà partendo dalla collina, in prossimità della Via Traiana, è cinta da due lame ed arriva sino alla linea di costa.      Alla masseria si arriva attraversando la distesa dei seminativi, lungo una strada bianca in terra battuta. Contrariamente ad altre zone costiere dell'Alto Salento, la proprietà conservatasi come latifondo non è stata interessata da interventi edilizi, e ha conservato vegetazione tipica dell'area carsica murgiana. La Masseria Torre Bianca è situata a circa 3 km dal mare e circa 4 dalle prime colline murgiane nel territorio di Ostuni, tra la statale 379 e la via Traiana (l'antica via romana che collegava Roma a Brindisi), ed è stata costruita in posizione suggestiva e panoramica sul costone della Lama di Fiume Morelli. Sono presenti molti sentieri che scendono sul fondo del canyon tra cespugli profumati di santoreggia e timo e pareti tufacee costellate da case-grotte, stalle, magazzini medievali scavati nella roccia, con una densa macchia mediterranea sviluppatasi sulle pareti carsiche.      Il vasto possedimento conserva attraversare diversi habitat: l'uliveto, il seminativo, la zona umida e il litorale sabbioso, oltre a due lame.    Queste ultime caratterizzano fortemente il territorio pugliese. Sono incisioni lineari nel banco di calcare perpendicolari alla linea di costa, con fondo piatto e pareti inclinate. Sono il risultato dell'azione erosiva delle acque superficiali che vi scorrevano. Veri e propri fiumi fossili sono testimoni di un passato con un clima decisamente differente. Oggi hanno la funzione di assicurare il deflusso delle acque meteoriche dalle colline al mare. Le pareti scoscese sono dense di vegetazione, che sfruttando il fenomeno della inversione termica creano un ecosistema utile alla avifauna sia stanziale che migratoria, che le usa le cavita e gli alberi come rifugio.    La coltivazione dell'ulivo ha origini remote in questa area, si conservano piante plurisecolari, che contraddistinguono un paesaggio agrario tra i più antichi del Mediterraneo, diventando simbolo indiscusso della Puglia. L'oliveto è rimasto intatto per secoli, e le piante sono disposte in maniera causale secondo l'originaria disposizione dell'olivastro, che poi è stata innestata per poi ottenere un frutto adatto a produrre olio.    La zona umida si trova dietro le dune al confine dell'area del Fiume Morelli, caratterizzata dalla presenza di specchi d'acqua alimentate oltre che dalle piogge da risorgive, dalle quali sgorga acqua leggermente salina e acidula, perché accumulata in cavità sotterranee di roccia calcarea.      La proprietà agricola si protende sino al mare dove le dune di sabbia finissima, ospitano ginepri secolari, i profumati lentischi e mirti, i pungenti giunchi ed eringi, le profumate ginestre, i gigli di mare e salsapariglia. Confina con la zona umida di Fiume Morelli, con la sua particolare 'naturalità antropica', dove oltre ad essere un importante stazione per gli uccelli acquatici che svernano nel parco, è presente un importante ed antico impianto di acquacoltura.    Il seminativo rappresenta in ogni caso la maggiore superficie della proprietà attualmente coltivata a grano.      Altro importante elemento che ha protetto questo immobile è stata trovarsi all'interno del Parco Naturale Regionale delle Dune Costiere, che si estende nei territori di Ostuni e Fasano su circa 1.000 ettari, lungo 6 km di costa da Torre Canne a Torre San Leonardo.    Tutto il Parco è caratterizzato da lame e gravine, fenomeni carsici tipici delle murge originati dall'azione erosiva delle acque che hanno favorito la nascita di insediamenti rupestri in età medievale.    Tanta storia ha attraversato questa area di Puglia, basti pensare che l'insediamento masserizio si trova nei pressi del Dolmen di Montalbano - megalite preistorico risalente alla prima Età del Bronzo (2000-1500 a.C.) - e della chiesa in rupe di San Giacomo, già citato nelle fonti del XVI secolo. La vicinanza di questa chiesa alla Via Traiana la rendeva tappa obbligata per i pellegrini che, al ritorno dalla Terra Santa, concludevano il proprio itinerario a S. Giacomo di Compostela in Spagna.    Non esiste una masseria identica all'altra, questo rende impossibile una qualsiasi classificazione attraverso dei modelli architettonici. La mancanza di identità non è altro che il frutto della estrema ricchezza dei modelli, delle configurazioni, delle articolazioni di uno stesso tipo architettonico che viene adeguato alle esigenze specifiche.    Sorta nel XVIII secolo la costruzione è caratterizzata da una organizzazione razionale degli spazi funzionali alla pratica dell'allevamento e della cerealicoltura.      Presenta una serie di unità architettoniche utili alle diverse attività produttive. Al primo piano vi è l'alloggio del proprietario. Mentre a piano terra vi sono diverse unità abitative destinate ai massari, cioè coloro che si occupavano di coltivare i fondi agricoli. Conserva molti ambienti colorati con la cosiddetta calce blu o poltiglia bordolese: si tratta di un composto di latte di calce (un grassello molto diluito fino a una consistenza liquida) e solfato di rame utilizzato fin dall'800 come trattamento fitosanitario per la vite e gli alberi da frutto. Veniva spesso utilizzata per la tinteggiatura di ambienti di servizio come stalle, cantine o dispense, perché all'azzurro si attribuivano proprietà disinfettanti e la capacità di allontanare le mosche.      La posizione del fabbricato sul solco carsico, un fiume ha inciso il tenero calcare, era funzionale ad un migliore utilizzo degli ampi spazi coltivati. Una costruzione sorta nel centro della proprietà avrebbe sottratto una estesa superficie coltivabile. In questa posizione invece oltre alla posizione fortificata, godeva della vista di pareti di roccia, distese di profumato timo arbustivo, santoreggia in fiore, orchidee spontanee e cascate di capperi che pendono agli ingressi delle case grotta scavate nel Medioevo.      Probabilmente si tratta dell'espansione in piano del villaggio che si era sviluppato nelle grotte del canyon la cui popolazione traeva beneficio dal fiume che scorreva sul fondo del canyon e che si rifugiava nelle cavità naturali, per nascondersi alla vista di eventuali nemici. Del resto la costa è vicina, il mare è un accesso privilegiato per coloro che solcano l'Adriatico. Il villaggio, inoltre, si collocava lungo importanti vie di transito come l'antica Via Traiana, percorsa nel Medioevo da Crociati, viandanti e pellegrini diretti o provenienti dalla Terra Santa.    Tutt'attorno alla costruzione distese mozzafiato di pascoli e campi di grano che si spingono fino al mare e isolati olivi monumentali di rara bellezza, contorti, mastodontici, dalle forme bizzarre, piegati dalla forza del vento e la vista della linea di costa, rendono questa proprietà una perla rara.      La visita a questo compendio immobiliare costituirà una esperienza piena di fascino, sarà un percorso fatto di roccia, profumi mediterranei, pascoli e olivi millenari, entrando in contatto con la nostra storia.      Costruzione mq 1.000    Terreno agricolo mq 1.350.000      Dista km 90 dall'aeroporto di Bari e 40 km da quello di Brindisi.",,Rosa Potenza,RE/MAX Oltre,+393...,"Via Giovanni Amendola, 104, 70126, Bari, BA, Italia"
Appartamento in Vendita Firenze 32421088-16 | RE/MAX Italia,"176mq, 6 locali",Codice di riferimento: 32421088-16,450.000€,Classe energetica F,Appartamento In Vendita Firenze 32421088-16,MAZZINI - OBERDAN NUDA PROPRIETA',,POSSIBILITA' di INVESTIMENTO con ANTICIPO di SOLI 150.000 euro e RATEIZZAZIONE DELL'IMPORTO RESIDUO.,"REMAX IDEALE FIRENZE, Vi propone la vendita di interessantissima NUDA PROPRIETà di un appartamento di ampia metratura al terzo piano di PRESTIGIOSA PALAZZINA dotata di ASCENSORE posta fra piazza Oberdan e viale Mazzini. Signorile appartamento  composto da ampio  ingresso da cui si accede ad una cucina-tinello con porta finestra che conduce alla panoramica veranda e al BALCONE PERIMETRALE. Proseguendo dal corridoio arriviamo alla SALA DOPPIA anche essa con accesso al balcone tergale (dal quale ci si affaccia nel verde), alle due camere matrimoniali, alla camera singola e ai doppi servizi finestrati. L'immobile, LIBERO SU TRE LATI, é termosingolo e viene completato da due ripostigli e un ampia cantina posta al piano terra.    N.B.: Al fine di tutelare la privacy e la riservatezza del venditore, le immagini presenti nell'annuncio sono dei render pubblicate con il solo scopo illustrativo.",F,Jaqueline Mejia,,3473...,
Villa singola in Vendita Ghiffa 32281001-157 | RE/MAX Italia,"615mq, 30 locali",Codice di riferimento: 32281001-157,Richiedere quotazione,,Villa singola In Vendita Ghiffa 32281001-157,Eleganza che non Tramonta mai sul Lago Maggiore,,Villa Volpi evoca un'atmosfera di assoluto romanticismo che le ha permesso di tramandare la propria eleganza dal 1908 ai giorni nostri.,"Situata in completa privacy e circondata da splendidi e curati giardini, questa meravigliosa proprietà gode di un'invidiabile posizione fronte lago.      Ogni aspetto della Villa è stato mantenuto con cura e gusto, preservando tutte le caratteristiche originali e quindi lo stile e il fascino che questa maestosa proprietà ha da offrire.      Il viale, che conduce alla villa principale, non solo offre un facile accesso ma aumenta anche lo splendore della stessa.      Il piano terra ospita diverse zone 'living' e sale da pranzo, che si aprono direttamente sul giardino grazie ad ampi terrazzi.      I piani superiori ospitano le camere da letto ed i bagni, alcune di esse sono delle piccole suite con soggiorno collegato e con balconi dalle viste spettacolari.      All'interno del bellissimo parco, la proprietà comprende due case separate per gli ospiti ed una grande dependance situata all'ingresso della tenuta, attualmente destinata a casa del custode.      La proprietà si caratterizza per la sua spiaggia privata e l'accesso diretto al lago attraverso un proprio pontile.",,Joanne Barley,The RE/MAX Collection Luxury Lakeview,0039...,"Corso Zanitello 9, 28922, Verbania, VB, Italia"
Appartamento in Vendita Firenze 37751019-141 | RE/MAX Italia,"130mq, 3 locali",Codice di riferimento: 37751019-141,580.000€,Classe energetica Non specificato,Appartamento In Vendita Firenze 37751019-141,"compendio immobiliare in vendita, in zona centrale e strategica, composto da appartamento trilocale, tre posti auto di proprietà e un fondo commerciale.","L'appartamento è composto da ingresso su zona giorno con angolo cottura, due camere da letto con bagno en-suite, ulteriore bagno con lavanderia, ripostiglio e terrazzino di 7mq. I 3 posti auto di proprietà sono prospicienti l'appartamento.","L'appartamento è stato completamente ristrutturato con finiture moderne e raffinate. L'immobile è dotato di tutti i comfort, tra cui aria condizionata e riscaldamento autonomo.","L'immobile viene venduto completamente arredato.    Il fondo commerciale, anch'esso totalemente ristrutturato, di circa 50mq, è dotato di vetrina su strada, un bagno e un ripostiglio.    Non ci sono spese condominiali.",Non specificato,Lorenza Faraone Mattucci,RE/MAX Medicea,3272...,"Via Santo Spirito, 11/Palazzo dei Marchesi Dè Frescobaldi, 50125, Firenze, FI, Italia"
Villa singola in Vendita Roma 37261012-17 | RE/MAX Italia,"1000mq, 20 locali",Codice di riferimento: 37261012-17,8.300.000€,Classe energetica F,Villa singola In Vendita Roma 37261012-17,Villa con piscina a Roma  Soluzione esclusiva,"Questa meravigliosa villa, sviluppata su 3,7 ettari di terreno, si trova a Roma Nord. Siamo all'interno del noto ed elegante comprensorio residenziale 'Consorzio Monte Oliviero'. Una villa ricca di comodità ed eleganza, con una piscina (completa di spogliatoio, bagni e docce), un campo da tennis/calcetto, una scuderia compresa di tondino per l'addestramento dei cavalli, un campo bocce, un parco interamente cintato  dotato di una maestosa fontana e di una tenso-struttura per ricevimenti  un ampio parcheggio e una grande autorimessa.","La dimora abitativa, sviluppata su tre livelli, è una moderna  costruzione di stile classico. Esprime efficacemente il concetto di rappresentanza, anche grazie all'eccellente stato di manutenzione in cui si trova.","Questa dimora, interamente circondata dal parco, è così articolata:    Il piano terra è distinto per un autorevole ingresso, un ampio salone dotato di due camini, una sala da pranzo (con affaccio su una incantevole veranda attrezzata), una spaziosa e attrezzata cucina, un elegante studio dotato di segreteria e due bagni.    Da qui, per arrivare al primo piano, diparte una scala molto rappresentativa di stile ed eleganza. Essa permette di raggiungere il corridoio di distribuzione alle cinque camere da letto, tutte dotate di bagno interno. Una di queste è la camera padronale, una vera e propria suite imperiale, dotata di ampia cabina armadio, uno spazio per scrittoio e l'angolo di regia per il controllo della sicurezza dell'intera proprietà (impianto di video sorveglianza); il bagno è una vera chicca, completo di vasca idromassaggio. Questa camera padronale, collegata direttamente allo studio del piano nobile con una scala interna, è interamente blindata (panic-room).    Il piano inferiore, invece, raggiungibile sia dalla cucina che dall'ingresso principale (ma dotato di accesso indipendente dall'esterno), è un vero e proprio appartamento indipendente, potremmo quasi dire 'un'altra villa'. E' composto da una cucina abitabile, un soggiorno living (compreso di area pranzo, bar, ampio salotto, sala biliardo e affaccio su un incantevole patio atrezzato), una sala cinema, un bagno a giorno, tre camere con bagno interno, una lavanderia  stireria e un appartamento indipendente (utile quindi anche per il personale di servizio) composto da una camera, un bagno e un living con angolo cottura.    Completa il fabbricato di questa villa con piscina una splendida e ampia cantina, il locale caldaia e il vano che ospita il Gruppo Elettrogeno per garantire l'autonomia energetica (alternativa alla fornitura pubblica).    Accessori esterni della villa a Roma    La scuderia, oltre a ospitare quattro box per cavalli, è dotata di tre appartamenti, composti ciascuno da una camera, una cucina e un bagno. Una di queste abitazioni ha anche il soggiorno.    Perché acquistare questa splendida villa con piscina    Con una superficie totale di circa 1000 mq, questa splendida dimora è la soluzione ideale per chi vuole vivere in tranquillità, sicurezza e comodità. Anche la rappresentanza è ampiamente soddisfatta.    Il centro storico di Roma dista solo 10 km, venti minuti in macchina, sebbene la città vera e propria sia solo a dieci minuti. Una linea urbana di trasporto dispone di ben due fermate in prossimità degli accessi al comprensorio.    La rendita catastale di questa dimora è pari a 12.121,45 € ancorché l'acquisto si presti a diverse soluzioni fiscali.    Questa proprietà rappresenta una vera oasi felice, immersa nel verde e dotata di eccellente esposizione. La sua bellezza è tale da averne consentito anche l'utilizzo per autorevoli cerimonie.    Una vera opportunità poterla acquistare. Una villa con piscina a Roma come questa non è facile da trovare.    È indubbio che il verde rigoglioso, la tranquillità assoluta e la posizione invidiabile rendano questa villa una oasi di pace e di serenità. Anche internamente, l'eleganza e la signorilità degli ambienti sono palesi.    Arredamento ricercato, locali spaziosi, bagni in marmo, aria condizionata e riscaldamento indipendente, sono solo alcune delle caratteristiche positive di questa esclusiva dimora.    Anche le sale interne presentano dettagli e particolari degni di nota: a partire dai preziosissimi lampadari, passando per i camini di marmo fino ad arrivare alle pareti e ai soffitti decorati. Tutto trasmette un senso di lusso e di prestigio, di ricercatezza e di eleganza.    Questa villa di lusso romana si configura come una vera bellezza, immersa nella natura e ubicata in posizione esclusiva, vantando una percezione mozzafiato sullo splendido paesaggio circostante.",F,Vittorio Savoia,The RE/MAX Collection Crystal,+393...,"Via Giuseppe Mercalli, 3, 00197, Roma, RM, Italia"
Cerca tra i migliori annunci di case e appartamenti su RE/MAX il tuo immobile | RE/MAX Italia,,,,,,,,,,,,,,
Appartamento in Vendita Milano 38021098-90 | RE/MAX Italia,"233mq, 5 locali",Codice di riferimento: 38021098-90,1.398.000€,Classe energetica E,Appartamento In Vendita Milano 38021098-90,RIF. GC-098-90,"'In questa casa, ogni stanza è una partitura, e ogni passo è una nota danzante nell'armonia della vita quotidiana.'",,"Immerso nell'incantevole contesto di Piazzale Loreto, questo appartamento rappresenta un'armonia di eleganza e raffinatezza, destinato a un progetto di totale riqualificazione che ne esalterà ulteriormente il suo splendore unico.      Questo rifugio di lusso si apre con un doppio ingresso, una dichiarazione di dualità e possibilità che anticipano l'esperienza unica che frequenta chiunque vi entri. Il salone triplo, il cuore pulsante di questa dimora, è arricchito dalla presenza di un maestoso pianoforte a coda, che promette di trasformare ogni spazio in un palcoscenico musicale.      Ogni stanza è un affresco di raffinatezza. Nella camera matrimoniale, la tappezzeria proveniente da Venezia avvolge le pareti e le ante dell'ampio guardaroba, creando un ambiente ricco di storia e di eleganza senza tempo. Quadri pregiati, una libreria su misura con una ricca collezione di libri e accessori di design come gli abat-jour Atollo e Mezzachimera di Vico Magistretti e la Bourgie di Kartell, rendono ogni angolo un'opera d'arte in sé.      La scelta dei colori, dalle composizioni floreali ai tessuti della camera matrimoniale, è studiata con cura per armonizzarsi con gli arredi esistenti, contribuendo a creare un'ambientazione raffinata. Il velluto blu, azzurro ed ecrù avvolge la camera matrimoniale, creando un'atmosfera di calda intimità.      Dettagli come una torta Sacher e un tagliere di frutta e vino novello aggiungono un tocco di dolcezza e di vita vissuta, trasformando questa dimora in un luogo dove ogni dettaglio racconta una storia.      Il risultato finale è una casa che accoglie con calore e trasmette un'aura di lusso discreto. Ogni elemento è stato pensato e posizionato con attenzione, sottolineando la sua eleganza discreta e contribuendo a creare un rifugio unico e affascinante.      L'appartamento posto al sesto piano con doppi ascensori è dotato di doppi ingressi salone triplo cucina abitabile 4 camere matrimoniali e tripli servizi.",E,Giovanni Cantù,RE/MAX Plan,348-...,"Viale Sandro Pertini, 21, 43044, Collecchio, PR, Italia"
Ufficio in Vendita Milano 38911004-66 | RE/MAX Italia,"130mq, 3 locali",Codice di riferimento: 38911004-66,1.200.000€,,Ufficio In Vendita Milano 38911004-66,Signorile ufficio di 130 mq ristrutturato a nuovo con materiali di pregio.,"In Corso Magenta, si propone in vendita ufficio di 130 mq al piano rialzato con ampie finestre e doppia esposizione, con affaccio sulla Basilica di Santa Maria Delle Grazie.","L'unità immobiliare, è stata recentemente ristrutturata, è composta da ingresso, cucina a break point, 3 uffici ed enorme spazio divisibile in postazioni di lavoro dato che è tutto circondato da grandi finestre, completano due bagni e cantina.",,,Fabia Campanella,The RE/MAX Collection Ultimate,0000...,"Corso Magenta, 56, 20123, Milano, MI, Italia"
Appartamento in Vendita Milano 39591038-6 | RE/MAX Italia,"250mq, 7 locali",Codice di riferimento: 39591038-6,1.370.000€,Classe energetica F,Appartamento In Vendita Milano 39591038-6,Una soluzione unica a Milano !,"Splendido appartamento di 7 locali su due livelli, con due ingressi indipendenti. A pochi minuti da metropolitana rossa Gambara e De Angeli.",,"L'immobile rappresenta un ottimo investimento: ristrutturato e immediatamente vivibile, senza necessità di interventi, o frazionabile in due unità abitative di 125 mq, grazie alla sua struttura, che offre svariati spunti di redistribuzione degli spazi interni.      L'appartamento, distribuito su due piani, uniti da un'elegante scala a chiocciola di legno, gode di una tripla esposizione ed è composto      * al primo piano da un'immensa zona giorno, con un salone triplo di ca 55 mq, cucina abitabile completamente attrezzata, 2 bagni finestrati uno con box doccia e uno con vasca, ampia camera di servizio, ripostiglio,    * al secondo piano da una grande zona notte con due camere, cabina armadio, soggiorno, studio, bagno finestrato con doccia.      L'immobile è accogliente, silenzioso ed estremamente luminoso: tutti i locali sono dotati di finestre o balconi.      Le finiture sono di pregio, infissi con doppi vetri pvc, videocitofono, parquet nelle camere, porta blindata.      Completano la proprietà due cantine di pertinenza al piano interrato.      Impianti a norma, aria condizionata, impianto di riscaldamento centralizzato con contatori indipendenti, allarme.      L'ubicazione a pochi passi dalle fermate Gambara e De Angeli (MM1), contornata da ristoranti, banche, farmacie, supermercati, altre attività commerciali di tutte le tipologie, rendono l'immobile ideale per chi vuole fare un investimento sicuro in pieno centro a Milano.    Libero al rogito.        Classe Energetica F 78,54 Kwh/m2a,    Spese condominiali 500€ incluso riscaldamento al pavimento e servizio portineria 6 giorni a settimana dalle 7 alle 13    Posto auto in affitto      Prezzo di vendita 1.370.000€          Classe F 178,54 Kwh/m2a,",F,Giulio Ruggeri,RE/MAX Alliance,3342...,"Via Durini, 19, 20122, Milano, MI, Italia"
Cascina/Casale in Vendita Rosignano Marittimo 33261016-127 | RE/MAX Italia,"650000mq, 15 locali",Codice di riferimento: 33261016-127,14.000.000€,,Cascina/Casale In Vendita Rosignano Marittimo 33261016-127,Costa degli Etruschi - Toscana lifestyle.,Casolare situato in posizione dominante con vista mare mozzafiato.,"L'affaccio sul mar Tirreno, offre un panorama di suggestiva bellezza con vista sulle isole dell'arcipelago Toscano.","da una fitta rete di siepi.    Accesso al mare tramite strada bianca che attraversa il parco e tramite sottopasso Romano oltrepassa la ferrovia e via Aurelia accedendo direttamente fronte mare.    Lotto di 65 ettari con lago, sorgenti potabili e acque termali.    Disponibile progetto preliminare per realizzazione spa.    Ulteriori informazioni in ufficio.      Le informazioni della presente scheda sono puramente indicative e non costituiscono condizioni contrattuali.",,Gino Mochi,RE/MAX Mindset,347-...,"Corso Italia, 80, 17015, Piombino, LI, Italia"
Cascina/Casale in Vendita Cellatica 31971013-357 | RE/MAX Italia,"3900mq, 30 locali",Codice di riferimento: 31971013-357,Richiedere quotazione,Classe energetica Non specificato,Cascina/Casale In Vendita Cellatica 31971013-357,RIF: PA-013-357,Vendita  di nuda proprietà in Franciacorta.,,"Proprietà ideale per creare/trasferire una prestigiosa azienda vitivinicola  con cantina, case coloniche , stalla e fienili per circa 2000 mq  da destinare anche ad uso abitativo  e  sedici ettari di terreni particolarmente vocati a una produzione di vini di altissima qualità.      Ai piedi della collina l'antica e prestigiosa casa padronale di circa 1500 mq , in perfette condizioni, dotata di ascensore e riscaldamento diviso in tre settori a pannelli radianti a pavimento  o caloriferi .    A piano terra dal portico del cortile  si entra in un ampio ingresso a volta e contigui troviamo  l' appartamento degli ospiti e quello per il custode, la palestra ed il garage.      Salendo,  l'abitazione è  tutta sullo stesso livello: luminosa galleria sulla quale danno salotti con camini e soffitti lignei di pregio e bellissima sala da pranzo affrescata.    La galleria è al  piano primo  ma i salotti, dall'altro lato danno direttamente sul grande prato della verde collina con vista imprendibile e di proprietà .      Nell'altra ala della casa, la zona notte con camere e bagni con travi e porte dipinte, di seguito le camere di servizio con scala indipendente.      Contattare l'agenzia. Primo appuntamento in ufficio.",Non specificato,Paola Ariazzi,RE/MAX Home District,3356...,"Via Milano, 43, 25126, Brescia, BS, Italia"
Commerciale Altro in Vendita Firenze 32321078-98 | RE/MAX Italia,"5200mq, 10 locali",Codice di riferimento: 32321078-98,6.000.000€,,Commerciale Altro In Vendita Firenze 32321078-98,"Complesso Commerciale, Logistico, Uffici, Supermarket","La proprietà è ben posizionata in un quartiere strategico della città di Firenze. L'area è di circa 5.200 m² vicino alla stazione ferroviaria ad alta velocità Foster. Attualmente genera 380.000,00 euro oltre IVA di rendita annua da locazione, per circa 3.500 mq ma solo ancora circa 1.500 mq di superficie potenziale possono ancora essere capitalizzati.","Il sito è integrato nella più ampia gestione dell'ecosistema delle reti stradali urbane: treni, tram, automobili e biciclette. Dall'11 febbraio 2019 è operativo il nuovo collegamento tramviario T2 tra l'aeroporto di Firenze e il centro città. Il nuovo servizio tramviario rappresenta una modalità di collegamento comoda ed ecologica grazie alla fermata in prossimità del terminal aeroportuale, alla frequenza e alla velocità delle corse.","CARATTERISTICHE    Il complesso si presta a molteplici usi (commerciale, logistico, direzionale/direzionale, produttivo) con ampio parcheggio. La proprietà è suddivisa in 5 edifici distinte dove possono essere implementate le seguenti attività:     Studi professionali, inclusi ambulatori e studi artistici, studi simili     Commercio al dettaglio non alimentare     Rivenditori alimentari e supermercati    Oggi solo parte dell'intera superficie (circa 3500 m2) è affittata. Genera € 380.000,00 di reddito annuo garantito. La richiesta è di € 6.000.000 (euro sei milioni/00)      POSIZIONE    Il nuovo corso di urbanizzazione della città ha trasformato la zona da periferica a residenziale. Si trova inoltre molto vicino al centro storico, come testimonia la vista quasi completa della Cupola del Brunelleschi. Sempre negli anni '30 viene realizzato il deposito SITA e la costruzione della stazione di Santa Maria Novella e di altre attrezzature delle Ferrovie dello Stato. Le principali arterie della zona come via del Romito, via Circondaria e via Filippo Corridoni sono molto importanti per l'intera mobilità urbana fiorentina.      L'ubicazione del complesso (situato al di fuori della ZTL) è molto interessante in quanto siamo molto vicini al polo fieristico fiorentino della Fortezza da Basso, luogo dove si svolgono manifestazioni nazionali/internazionali come Pitti Uomo o la Mostra Internazionale dell'Artigianato annualmente.",Non specificato,Massimiliano Pronio,RE/MAX Key House,335-...,"Via Giovanni Nicotera, 31, 00195, Roma, RM, Italia"
Ufficio in Vendita Milano 21010254-13 | RE/MAX Italia,"225mq, 6 locali",Codice di riferimento: 21010254-13,1.500.000€,Classe energetica D,Ufficio In Vendita Milano 21010254-13,Prestigioso ufficio nel cuore di Milano,,"Situato in via Santa Sofia, a due passi dalla prossima fermata della linea metropolitana blu M4 Santa Sofia e in vicinanza della fermata della linea M3 Crocetta, proponiamo al secondo piano di un condominio signorile, un elegante ufficio di 225 mq circa.","Il condominio, con servizio di portineria, offre i due ascensori per facilitare gli spostamenti all'interno del palazzo.    La proprietà vanta un doppio ingresso, che permette di utilizzare gli spazi in modo funzionale alle esigenze.      L'immobile presenta soffitti alti 3,15 m e un disimpegno di forma circolare dal quale si snodano sei ampi locali che permettono di organizzare gli spazi secondo molteplici necessità lavorative, e due bagni funzionali.    La proprietà si apre sull'esterno con tre comodi terrazzini.    L'unità immobiliare ha una doppia esposizione, è luminosissima e presenta finiture moderne ed eleganti.    Possibilità di box.      L'ufficio è perfetto per coloro che necessitano di un luogo di lavoro vicino al centro della città e a pochi minuti a piedi da Piazza Duomo, in una zona centrale, dotata di mezzi e servizi e che risulta tra le più richieste e in continua rivalutazione.    Saremo lieti di fornire ulteriori informazioni e organizzare una visita per visionare la proprietà.      L'immobile è attualmente locato, sarà libero a tre mesi dall'accettazione della proposta.      Certificazione energetica: Classe D Ep gl, nren 185,16 kWh/ mq anno      Le informazioni e le immagini contenute in questo annuncio sono prettamente commerciali e non costituiscono in alcun modo elemento contrattuale.",D,Marco Mosca,RE/MAX Associati Real Estate,3483...,"Via Gran Sasso 31, 20131, Milano, MI, Italia"
Appartamento in Vendita Milano 21010254-12 | RE/MAX Italia,"225mq, 5 locali",Codice di riferimento: 21010254-12,1.500.000€,Classe energetica D,Appartamento In Vendita Milano 21010254-12,Splendida proposta nel cuore di Milano,,"Situata in via Santa Sofia, a due passi dalla prossima fermata della linea metropolitana blu M4 Santa Sofia e in vicinanza della fermata della linea M3 Crocetta, proponiamo al secondo piano di un condominio signorile, con affaccio sull'interno, una bellissima soluzione di 225 mq circa che offre una serie di caratteristiche ideali anche per esigenze di smart working.","Il condominio, con servizio di portineria, offre i due ascensori per facilitare gli spostamenti all'interno del palazzo.    La proprietà vanta un doppio ingresso, che permetterà di godere di una maggiore privacy e comodità.      All'interno ci accolgono soffitti alti 3,15 m e un suggestivo disimpegno di forma circolare intorno al quale si snodano cinque ampi locali, uno dei quali con un camino dal fascino particolare, e due bagni moderni e funzionali, perfetti per famiglia e ospiti.    A completamento della proprietà ci sono tre gradevoli terrazzini con una vista sul verde dove si potrà godere momenti di relax.    Le ampie finestre permettono inoltre l'ingresso di luce naturale che contribuisce a creare un'atmosfera luminosa e accogliente.    L'unità immobiliare ha una doppia esposizione, è luminosissima e presenta finiture moderne ed eleganti.    La planimetria dell'immobile permette di organizzare gli spazi secondo le molteplici esigenze.      È importante sottolineare che l'unità immobiliare è attualmente accatastata come ufficio, ma verrà consegnata al rogito accatastata come appartamento. Questo rappresenta un'opportunità unica per trasformare questo spazio in un appartamento moderno e confortevole, su misura per ogni necessità.    Possibilità di box.      La zona, centrale ma tranquilla è dotata di mezzi e servizi e risulta tra le più richieste e in continua rivalutazione.    Un'occasione da non perdere.    Saremo lieti di farvi scoprire di persona tutto ciò che questa meravigliosa proprietà ha da offrire.    Siamo certi che vi innamorerete di questo elegante appartamento, situato in una delle zone più ambite di Milano.      L'immobile è attualmente locato, sarà libero a tre mesi dall'accettazione della proposta.      Certificazione energetica: Classe D Ep gl, nren 185,16 kWh/ mq anno - ID 21010254-12      Le informazioni e le immagini contenute in questo annuncio sono prettamente commerciali e non costituiscono in alcun modo elemento contrattuale.",D,Marco Mosca,RE/MAX Associati Real Estate,3483...,"Via Gran Sasso 31, 20131, Milano, MI, Italia"
Appartamento in Vendita Firenze 32421089-7 | RE/MAX Italia,"173mq, 6 locali",Codice di riferimento: 32421089-7,549.000€,,Appartamento In Vendita Firenze 32421089-7,"RE/MAX è lieta di presentare in vendita un raffinato appartamento situato nella prestigiosa zona di Statuto, nel cuore di Firenze. L'immobile offre spazi ampi e ben distribuiti su una superficie commerciale di 173 metri quadrati, di cui 145 calpestabili, in uno stabile in eccellente stato di conservazione.",Questa proprietà rappresenta un'opportunità rara nel panorama immobiliare.,,"- Doppio soggiorno: Ampio e luminoso, ideale per momenti di relax e intrattenimento;    - Quattro camere da letto: Perfetto per famiglie numerose o per creare spazi dedicati, come studio o sala fitness;    - Cucina abitabile: Funzionale per gli utilizzi familiari;    - Tre balconi: Offrono uno spazio aggiuntivo per godere maggiormente la proprietà;    - Buona esposizione: Luminosità garantita durante tutto il giorno;    - Box singolo: Un pratico spazio per parcheggiare biciclette, moto o una piccola auto.      Open House:    Le visite saranno gestite in un evento Open House, SOLO SU PRENOTAZIONE. Non perdete l'opportunità di esplorare questo elegante appartamento e immaginarvi la vostra vita nel cuore di Firenze.      Contatti e Prenotazioni:    Per informazioni e per prenotare la vostra visita all'Open House, non esitate a contattarci!      L'immobile è gestito con incarico in formula esclusiva.",,Lorenzo Coniglio,,3895...,
Villa singola in Vendita Marbella 38911001-25 | RE/MAX Italia,"882mq, 15 locali",Codice di riferimento: 38911001-25,7.800.000€,Classe energetica Non specificato,Villa singola In Vendita Marbella 38911001-25,"Luxury Villa in Sierra Blanca, Marbella",,"Villa Bacara activates a true sense of wellbeing. It has everything that defines a unique, distinguished lifestyle. The stunning villa with the classic Andalusian architecture and tiled roof offers an incomparable mix of contemporary chic and traditional allure. It will satisfy even the most demanding customers. The mansion is a real work of art that combines elegance and comfort. It is built on the spacious plot and provides a lot of privacy. A magnificent garden will be one of your favourite places for taking a walk and relaxing after a long day. The villa consists of 6 bedrooms and 9 bathrooms.","Spaciousness and style make life at villa Bacara even more inspiring. It is an example of how high quality matches with a unique style and refined taste.We've paid special attention to every detail and the selection of materials and its quality. Many internal elements make this contemporary home shine like a jewel. Large windows and sliding doors to the terrace areas allow generous light to flood the property.      Villa Bacara has an additional space in the home solely devoted to the purpose of having fun or to retire and relax at one with yourself  Game room, Winery, Sauna, Turkish bath and Home library.",Non specificato,Federico Panigati,The RE/MAX Collection Ultimate,,"Corso Magenta, 56, 20123, Milano, MI, Italia"
Appartamento in Vendita Milano 37881022-87 | RE/MAX Italia,"213mq, 6 locali",Codice di riferimento: 37881022-87,1.490.000€,Classe energetica E,Appartamento In Vendita Milano 37881022-87,"Adiacenze corso Indipendenza - via Pasquale Sottocorno - si propone un prestigioso appartamento di 213 mq. circa sito al quarto piano di uno stabile signorile. L'immobile è così composto: ampio ingresso principale, ingresso di servizio, salone di oltre 40 mq, cucina abitabile, quattro camere, una cameretta/studio, tre bagni finestrati, balconata e due balconi.",,La cantina completa gli accessori annessi all'unità abitativa.,"Possibilità di un box con apertura automatizzata all'interno dello stabile al prezzo di € 75.000,00 con le seguenti misure:    Passo: 2,22 m.    Larghezza interna: 2,53 m.    Profondità: 4,72 m.    Altezza: 1,95 m.      La zona è servita da diversi mezzi pubblici e dalla vicina Metropolitana (M4).      Sono presenti, a pochi passi di distanza, tutti i servizi di prima necessità (Farmacia, Supermercato, Posta, Ristoranti, Bar e Negozi).      Devi vendere o affittare la tua casa? Chiamaci per concordare una consulenza commerciale senza impegno e riceverai la valutazione del tuo immobile.",E,Giuseppe Rossi,RE/MAX Class 4,3929...,"Via Cenisio, 14, 20154, Milano, MI, Italia"
Appartamento in Vendita Firenze 32421065-61 | RE/MAX Italia,"143mq, 6 locali",Codice di riferimento: 32421065-61,530.000€,Classe energetica F,Appartamento In Vendita Firenze 32421065-61,"In vendita a Firenze, nel cuore del Centro Duomo, nei pressi di Piazza Indipendenza proponiamo un ampio e luminoso appartamento libero al rogito.","Ubicato all'ultimo piano di un edificio storico, l'immobile si estende su una superficie totale convenzionale di 143 metri quadrati,","La disposizione degli spazi interni è ottimale, con un totale di sei locali, di cui tre camere da letto e tre bagni, ideale per accogliere una famiglia numerosa o per chi desidera avere ampi spazi a disposizione.","Lo stato di conservazione dell'immobile è ottimo, con infissi e finestre in legno e vetro e una esposizione sud-nord che permette di godere di una piacevole luminosità naturale durante tutto il giorno.    La cucina, a vista, è parzialmente arredata e completa di elettrodomestici, mentre il balcone è un prezioso spazio esterno  .    L'appartamento si trova al terzo ed ultimo piano, garantendo tranquillità e privacy.    Non perdere l'opportunità di vivere in uno dei quartieri più prestigiosi e centrali di Firenze, contattaci per maggiori informazioni e per organizzare una visita.        GRADITA LA COLLABORAZIONE DEI COLLEGHI AGENTI IMMOBILIARI",F,Monica Corretti,,3355...,
Villa singola in Vendita Monte Argentario 31861002-262 | RE/MAX Italia,"835mq, 15 locali",Codice di riferimento: 31861002-262,7.700.000€,Classe energetica ND - Non Disponibile,Villa singola In Vendita Monte Argentario 31861002-262,TOSCANA - MONTE ARGENTARIO - PORTO SANTO STEFANO  località Torre di Lividonia..,"In una delle più suggestive zone di Porto Santo Stefano, proponiamo in vendita un' eccezionale proprietà ricca di storia, con una antica torre di avvistamento di epoca spagnola, origine XVI secolo, ancora oggi utilizzata e facente parte del corpo principale della proprietà, dalla quale si goda una vista mare strepitosa.","La proprietà è composta, oltre alla torre padronale, da un'ulteriore villa più piccola per gli ospiti, la casa del custode ed un fabbricato dedicato all' uso della piscina.","Il corpo principale ha una metratura di circa 560 mq e si sviluppa su due livelli, oltre alla già citata torre, ed è composto da un ampio e luminoso salone con vista sul mare, soggiorno con sala da pranzo, grande e luminosa cucina, bagno; vano scale che ci consuce al piano superiore dove troviamo un secondo salone, 3 camere da letto, 3 bagni di cui 1 matrimoniale con bagno, 2 camere doppie, 1 bagno, 1 bagno per gli ospiti.    Tramite una scala di legno situata nel salone, si accede all'affascianate torre, composta da due ampie camere matrimoniali con relativi bagni. Dalla camera più in alto, attraverso una stretta scala in pietra, accediamo alla panoramica terrazza della torre.    La struttura si presenta elegante e raffinata, e dalle ampie finestre si gode una luce intensa nella maggior parte degli ambienti, quasi tutti affacciati verso il mare.    Lo spazio esterno regala il massimo comfort grazie alle grandi terrazze,i pratici giardini, la bellissima piscina, tutti arredati ed organizzati per godere al meglio della tranquillità che la struttura offre.    All'interno della proprietà si trova una villa più piccola che gode del suo accesso autonomo e della sua privacy.    Molto elegante e moderna, è disposta su due livelli: al piano terra veniamo accolti da un comodo terrazzo arredato, con vista sul mare, un soggiorno, una cucina aperta,ed un bagno. Al piano di sopra ci sono tre ampie camere da letto con tre relativi bagni.      La casa del custode, invece, è un fabbricato indipendente, composto da soggiorno con cucina, due belle camere da letto e due bagni. Completa la proprietà un ampio terrazzo.      Il giardino è articolato su più livelli, ben organizzato e curato, rifinito da fioriere, con ampi spazi ricreativi e terrazze orientate verso il mare complete di arredi da esterno per una fresca vivibilità all'aperto.",ND - Non Disponibile,Antonello Careddu,RE/MAX Silver,+39....,"Via Guglielmo Marconi, 31, 58019, Monte Argentario, GR, Italia"
Altro in Vendita Piazza Armerina 30721353-1974 | RE/MAX Italia,"11000mq, 99 locali",Codice di riferimento: 30721353-1974,17.000.000€,Classe energetica ND - Non Disponibile,Altro In Vendita Piazza Armerina 30721353-1974,Hotel-Ristorante-Struttura sanitaria- Spa centro benessere  Piscine esterne e coperte- Sala Congressi.,,"Uno degli alberghi più quotati della regione Sicilia e precisamente nella città dei Mosaici Piazza Armerina in Provincia di Enna, categoria 4 stelle, cedesi attività e mura.","Questa esclusiva struttura  ha una superficie interna complessiva di 11.000 mq, 97 camere destinate ad accogliere la clientela più esigente, 2 grandi cucine per soddisfare le tre sale ristorante, lavanderia, magazzini e garage per 2.000 Mq, piano interrato con piscina, fitness e percorso benessere, sauna, bagno turco ecc, corpo dependance da 2 piani, ulteriore salone esterno chiosco pizzeria, locali tecnici e idrici, da collegamento tra tutti i corpi una mega Hall al piano terra per 1.000 Mq, terreno edificabile Mq 3.500, terreno agricolo adibito a parcheggio 4.000 Mq, terreno agricolo adibito a verde 1.200 Mq, piscina olimpionica esterna e solarium per 1.200 Mq.    La struttura è in attività, una particella viene gestita come casa di riposo e la piscina coperta in gestione per attività sportive, una perfetta soluzione per investimenti.      La Società è aperta a qualunque tipo di trattativa, anche vendita parziale di alcune particelle.      Piazza Armerina è un'antica città d'impianto medievale con un pregevole centro storico barocco e normanno. Sul suo territorio si trova la Villa romana del Casale con i suoi famosi mosaici, dal 1997 Patrimonio dell'umanità dell'UNESCO. Città d'arte, con forte richiamo turistico per il suo importante patrimonio archeologico, storico, artistico e naturale, nota come la 'Città dei Mosaici e del Palio dei Normanni.        Hotel  Restaurant  Retirement Home  Wellness Centre  Indoor and outdoor Swimming Pools  Conference Room      Nearby Piazza Armerina, the 'Mosaic town' UNESCO World Heritage Site since 1997 and    surrounded by an outstanding natural landscape , we are proud to sell this 4-star structure made up of hotel, retirement home, wellness centre, indoor and outdoor swimming pools and a conference room .    This structure is composed by 97 rooms (for around 300 guests), two mega kitchens to serve three restaurants, laundry,  2.000 square metre storage room / indoor parking, an underground wellness centre with swimming pool, fitness corner, sauna, Turkish bath.    Twelve of 97 rooms are located in a two-floor dépandance ( ground floor 250 mq, first floor 250 mq, upper floor 120 mq).    The outdoor swimming pool is surrounded by a terrace, a pizzeria and a bar for 1200 sm total.    All the technical and boiler rooms are located separately, to better mantain them.    A 1000-square metre hall connects all the buildings.    Plus we have 3500 sm area (on which it is possible to build), another 4000 sm parking area for guests and workers, 1200 sm garden.    The indoor swimming pool and the retirement home are ran by two independent societies (with monthly rental income), a perfect investment solution for the future owner.      The current Society is available to discuss about the entire or partial selling or trading with other properties.      Piazza Armerina is an ancient medieval town with an outstanding, baroque and Norman old centre. The most important sightside is the Romain 'Villa del Casale' , an UNESCO world heritage site that preserves the famous mosaics and yearly reaches 40.000 visitors.",ND - Non Disponibile,Saverio Franceschini,RE/MAX Platinum,0957...,"Via Cesare Beccaria, 67, 95123, Catania, CT, Italia"
Appartamento in Vendita Firenze 32421069-57 | RE/MAX Italia,"130mq, 5 locali",Codice di riferimento: 32421069-57,630.000€,Classe energetica Non specificato,Appartamento In Vendita Firenze 32421069-57,"In zona adiacente al centro di Firenze, in edifficio di quatro piani risalente agli anni'30, ristrutturato da un mese, vendesi appartamento luminoso di 5 vani con balcone e terrazzo.","L'appartamento si trova al secondo piano, è dotato di ascensore, ed e vicino ai principali servizi.","L'immobile ha una superficie commerciale di 130 mq, è composto da: ingresso, sala con doppia esposizione, cucina abitabile con ripostiglio finestrato, quatro camere da letto e servizio finestrato.","L'appartamento è parzialmente ristrutturato, è dotato di Video citofono della bticino, riscaldamento autonomo, climatizzatori, infissi in aluminio a taglio termico con doppiovetro e avvolgibili con robotica in alluminio coibentati in PVC piu' caldaia a codesazione ultimo modello con funzionalità ad Idrogeno.    L'appartamento si presta facilmente ad essere suddiviso in un bilocale e trilocale ( con posibilità d'impianto tutto elettrico).    Images are provided for illustrative purposes only.    Le immagini sono forniti al solo scopo illustrativo .      In an area adjacent to the center of Florence, in a four-storey building dating back to the 1930s, renovated a month ago, bright 5-room apartment for sale with balcony and terrace.    The apartment is located on the second floor, has a lift, and is close to the main services.    The property has a commercial surface area of ​​130 m2, is composed of: entrance, living room with double exposure, kitchen with utility room with window, four bedrooms and bathroom with window.    The property includes 2 balconies and an internal courtyard terrace.    The apartment is partially renovated, is equipped with a bticino video intercom, independent heating, air conditioning, thermal break aluminum frames with double glazing and aluminum robotic roller shutters insulated with PVC plus a latest model coded boiler with hydrogen functionality.    The apartment easily lends itself to being divided into a two-room or three-room apartment (with the possibility of an all-electric system).",Non specificato,,,,
Appartamento in Vendita Milano 37881022-84 | RE/MAX Italia,,Codice di riferimento: 37881022-84,1.790.000€,Classe energetica D,Appartamento In Vendita Milano 37881022-84,"A poca distanza da Piazza San Babila - in Corso Monforte - piano alto -  proponiamo un quadrilocale di circa 160 mq. da personalizzare; l'immobile è composto da: doppio ingresso, salone di circa 50 mq., cucina abitabile, tre camere, tre bagni (di cui uno utilizzato come lavanderia), ripostiglio, ampia balconata e due balconi.",,Un'ampia cantina completa gli accessori annessi all'immobile.,"L'appartamento ha una tripla esposizione e si trova al quarto piano di uno stabile signorile degli anni '50.      La balconata ha un gradevole affaccio interno verso un ampio giardino piantumato.      La zona è servita da diversi mezzi pubblici e dalla Metropolitana Linea 4 e Linea 1.      Nelle immediate vicinanze vi sono tutti i servizi di prima necessità (Farmacia, Supermercato, Posta, Ristoranti, Bar e Negozi).      L'immobile dispone di un box all'interno dello stabile al prezzo di € 78.000,00 con le seguenti misure:    Passo: 2,45 m.    Larghezza interna: 2,70 m.    Profondità: 5,00 m.      Devi vendere o affittare la tua casa? Chiamaci per concordare una consulenza commerciale senza impegno e riceverai la valutazione del tuo immobile.",D,Giuseppe Rossi,RE/MAX Class 4,3929...,"Via Cenisio, 14, 20154, Milano, MI, Italia"
Albergo/Hotel in Vendita Firenze 37751019-143 | RE/MAX Italia,"120mq, 4 locali",Codice di riferimento: 37751019-143,790.000€,Classe energetica F,Albergo/Hotel In Vendita Firenze 37751019-143,"Firenze, in posizione centralissima e strategica, proponiamo in vendita interessante attività di B&B professionale con mura. La posizione di questa piccola attività extraalberghiera è eccellente e strategica poichè permette di essere attrattivi sia per turisti che per coloro che si recano in Città per business; la vicinanza alla Fortezza Da Basso, quindi alla stazione di Santa Maria Novella, rende questa struttura la meta ideale per coloro che lavorano nel polo fieristico o che partecipano ai vari congressi che si tengono in Città. Quattro camere con bagno e spazio esterno dedicato attendono un nuovo imprenditore che voglia continuare l'attività. Tutte le camere sono dotate di bagno, wi-fi, aria condizionata, cassaforte, frigo bar, corte interna privata. L'immobile è stato ristrutturato da pochissimo tempo in modo impeccabile e con rifiniture molto interessanti, quali ad esempio il muro in pietra del corridoio sul quale si aprono le camere. Un piccolo spazio per la preparazione delle colazioni, rigorosamente servite in camera,  e altri spazi per biancheria etc completano l'immobile.","L'attività ha un fatturato interessante e dimostrabile ed è la soluzione perfetta per chi voglia investire in un immobile funzionale alla propria azienda dimenticandosi, così, il problema dell'affitto.",N.B. Si acquista da società,,F,Lorenza Faraone Mattucci,RE/MAX Medicea,3272...,"Via Santo Spirito, 11/Palazzo dei Marchesi Dè Frescobaldi, 50125, Firenze, FI, Italia"
Appartamento in Vendita Milano 38911001-52 | RE/MAX Italia,,Codice di riferimento: 38911001-52,1.450.000€,Classe energetica Non specificato,Appartamento In Vendita Milano 38911001-52,"Nel nuovo quartiere adiacente a Fondazione Prada vi presentiamo questo stupendo appartamento al decimo piano su undici, con vista impagabile su tutta Milano. La proprietà presenta al suo ingresso un bellissimo living, contraddistinto da infinita luce grazie alle vetrate lungo tutto il perimetro e al terrazzo che corre lungo due lati. E' presente una cucina a vista con bancone che separa la zona pranzo. Dal living si accede all'ampio terrazzo vivibile dove ci sono spazi di poltrone e grande tavolo per cene estive.","La zona notte presenta tre camere da letto e tre bagni. Dalle camere da letto si ha un'altrettanta magnifica vista su Milano. L'appartamento è affacciato su tre lati ed è unico al piano. La posizione e l'altezza del piano gli conferiscono infinita luce, privacy e vista panoramica unica. Nelle giornate nitide si vede tutto l'arco alpino, in qualsiasi giornata si ammira lo skyline di Milano sia di giorno che di sera.","La modernità dell'appartamento, le lunghe vetrate e le luci in lontananza dei nuovi grattacieli milanesi conferiscono a questa soluzione un aspetto molto internazionale e raro da trovarsi a Milano.",,Non specificato,Federico Panigati,The RE/MAX Collection Ultimate,,"Corso Magenta, 56, 20123, Milano, MI, Italia"
