Real Estate,region,province,Location,other,Unknown,title,city,price,real estate agency,area,description,other,other,other,Unknown,immobiliare,address,website,Unknown,other
Subito - Pellegrino & Scozzari - Centro Storico / via Castro Rif. 134/21 - Appartamenti In vendita a Palermo,Sicilia,Palermo (Prov),Palermo,1/7,ID: 531461741,Centro Storico / via Castro Rif. 134/21,Palermo (PA),39.000 €,Pellegrino & Scozzari,80 mq,"Proponiamo in vendita appartamento totalmente da ristrutturare posto al piano terra ed è composto da: 3 ingressi che equivalgono ad ogni vano infatti l'immobile è composto da 3 vani più servizi . Ottimo come investimento , abitazione, casa vacanze, B&B e ci troviamo nella parte tranquilla e silenziosa di via Castro. Prezzo € 39.000 Rif. 134/21. Per informazioni telefonare allo 3519454804(whatsapp) chat diretta live",Da ristrutturare,0,,1,Pellegrino & Scozzari,"Via Generale Sirtori Giuseppe, 25, 90145 Palermo PA, Italia",http://www.pellegrinoescozzari.it/web/,30 annunci online,531461741
,Sicilia,Catania (Prov),Giarre,1/21,ID: 518344713,Appartamento - Giarre,Giarre (CT),58.000 €,RE/MAX AURUM,119 mq,"Rif: 37311003-188
A Giarre, in Via Silvio Pellico, la Remax propone in vendita Appartamento di 4 vani posto al terzo ed ultimo piano con vista panoramica ( senza ascensore) in ex edilizia popolare-Internamente è composto da ingresso su saletta, salone , cucina, lavanderia, due camere da letto, ripostiglio e bagno. 
L'immobile , da ristrutturare ma con infissi recentemente sostituiti , si trova in una zona servita da parecchie attività commerciali e da altrettanti plessi scolastici, sono presenti anche servizi per il cittadino e si trova poca distanza dal Casello Autostradale di Giarre.",-,3,6,,RE/MAX AURUM,"Corso Messina, 57, 95014 Giarre CT, Italia",https://www.remax.it/aurum,156 annunci online,518344713
Subito - Habitas studio immobiliare - Nuovo e rifnito bilocale del 2012 con p auto - Appartamenti In vendita a Cagliari,,,Quartu Sant'Elena,1/18,ID: 531460730,Nuovo e rifnito bilocale del 2012 con p auto,Quartu Sant'Elena (CA),147.000 €,Habitas studio immobiliare,50 mq,"In Via Brigata Sassari, in stabile nuovo e signorile, si propone in vendita un luminoso bivano semiarredato di circa 45 mq. 

Ci troviamo al secondo piano servito da ascensore e l'appartamento è così composto: zona giorno con angolo cottura, disimpegno, un ampio bagno con box doccia e camera da letto matrimoniale. 
Tutti gli ambienti sono dotati di porta finestra che consentono l'accesso su una comoda veranda. 

Posto auto di pertinenza nel cortile condominiale. 

L'appartamento viene ceduto completo degli arredi. 

In dotazione: porta blindata, infissi esterni dotati di vetrocamera e anta a triplice battuta, zanzariere nella zona giorno, porte interne in legno color noce, isolamento termico e acustico a pavimento, rivestimenti bagno e angolo cottura in gres porcellanato. 

Impianto di climatizzazione autonomo con pompa di calore canalizzata Mitsubishi Inverter.

Autoclave con riserva idrica condominiale.

Ape C. 

Zona servitissima dai mezzi pubblici, vicina ai principali svincoli stradali come ad es. viale Marconi e alle principali attività (market, poste, banche, bar etc).

Euro 147000

Habitas Studio Immobiliare
Via Manzoni 33
3756829786",,2,2,1,Habitas studio immobiliare,"Via Alessandro Manzoni, 33, 09128 Cagliari CA, Italia",,12 annunci online,531460730
,Sicilia,Catania (Prov),Catania,1/28,ID: 531457247,Adiacenze via San Giuliano ampio monovano 2-6664,Catania (CT),59.000 €,Giunta Immobiliare,40 mq,"Proponiamo in vendita su via Opificio a pochi passi da via San Giuliano e via Ventimiglia monovano posto a piano terra con ingresso indipendente.

L'immobile è composto da ingresso su vano, a seguire cucinotto e bagno con uscita su corte condominiale.

L'immobile si presta a svariate modifiche e si presenta da completare.

Vista la posizione centrale rappresenta una valida opportunità d'investimento.

COD 6664",Da ristrutturare,0,1,1,Giunta Immobiliare,"Corso Sicilia, 56, 95131 Catania CT, Italia",http://www.giuntaimmobiliare.it,406 annunci online,531457247
,Sicilia,Palermo (Prov),Palermo,1/25,ID: 531461193,Ampio 4 Vani Pressi Pitrè/Boccadifalco,Palermo (PA),49.000 €,Frimm Oreto,96 mq,"Appartamento di 96mq più 40mq di spazi esterni, sito in via Clemente Ravetto zona Boccadifalco a pochi passi dall'Aeronautica Militare., posto al piano rialzato di uno stabile degli anni '60 formato da 3 piani totali senza ascensore. Composto da: ingresso, salone doppio finestrato, camera da letto con finestra su pozzo luce, cameretta finestrata, servizio finestrato con vasca, cucina media con uscita su ampio terrazzo. L'appartamento si presenta allo stato originario, porte in legno, infissi vetro/legno, pavimentazione in ceramica, spese condominiali 20 euro mensili.

PER MAGGIORI INFORMAZIONI contattate l'ufficio immobiliare

FRIMM ORETO

SIAMO APERTI dal LUNEDI al SABATO
orari 9-13 / 15.30-19:30
sabato orario ridotto 9-12

CONTATTI dell'UFFICIO:

0916178003
3899119483

EMAIL: ciaoreto@inwind.it
SITO: palermocercocasa. it",Buono - abitabile,Rialzato,4,1,Frimm Oreto,"Via Oreto, 93, 90127 Palermo PA, Italia",https://www.palermocercocasa.it,77 annunci online,531461193
Subito - Galileo Immobiliare - Casa indipendente e B&B - Appartamenti In vendita a Trapani,Sicilia,Trapani (Prov),Castellammare del Golfo,1/30,ID: 531461490,Casa indipendente e B&B,Castellammare del Golfo (TP),190.000 €,Galileo Immobiliare,140 mq,"Si propone la vendita di un grazioso B&B a Castellammare del Golfo, in via Segesta.
L'immobile è stato interamente ristrutturato, nel 2018, rientra nella categoria 3 stelle, dispone di 3 camere di cui 1 familiare (quadrupla), 1 tripla e 1 doppia con veranda, oltre reception, sala colazione con cucina e bagno di servizio.
Tutte le camere sono dotate di affaccio sul balcone, aria condizionata, bagno privato con doccia, TV, frigobar, arredi come da foto e biancheria.
La metratura totale è di 140 mq così divisi: al piano primo reception, sala colazione, cucina, bagno e una camera con bagno privato; al piano secondo le altre due camere con bagno privato.
L'acqua sanitaria è riscaldata tramite pannello solare, la pavimentazione è in resina grigia, bella e facile da pulire, e gli arredi sono di ottima qualità.

Ottimo investimento per cui la visita è consigliata.
Contattateci",,1,4,Più di 3,Galileo Immobiliare,"Via Madonna del Ponte, 14, 90041 Balestrate PA, Italia",http://www.galileoimmobiliare.com,40 annunci online,531461490
Subito - Ulliana Immobiliare - Monopoli-VISTA MARE- 110 mq- LIBERO - Appartamenti In vendita a Bari,Puglia,Bari (Prov),Monopoli,1/18,ID: 531460830,Monopoli-VISTA MARE- 110 mq- LIBERO,Monopoli (BA),205.000 €,Ulliana Immobiliare,110 mq,"MONOPOLI SUD- In via Lepanto, a 200 metri dalle spiagge libere, in punto strategico, proponiamo in vendita ampio appartamento di 110 mq c.a, al terzo piano in stabile privo di ascensore ( ma scale molto comode e brevi). L'immobile ha una bellissima VISTA MARE, con apertura totale di veduta frontale. E' composta da: ingresso, ampio disimpegno, salone ampio con balcone con vista mare, ampia cucina abitabile con balcone su via Lepanto, due ampie camere e bagno, al piano seminterrato una comoda cantinola. IDEALE ANCHE COME PUNTO DI APPOGGIO IN PUGLIA o COME B&B! Libero subito! BARI- TORRE A MARE- CASA VACANZA PUGLIA- POLIGNANO A MARE- MONOPOLI- CONVERSANO- CASA VACANZA PUGLIA- RUTIGLIANO- NOICATTARO- OSTUNI- MILANO- ROMA- FIRENZE- NAPOLI- BOLOGNA- TORINO- PADOVA- ROMA-",Buono - abitabile,,4,1,Ulliana Immobiliare,via Junipero Serra 13,,43 annunci online,531460830
,Sicilia,Catania (Prov),Catania,1/23,ID: 511769742,Picanello /Via Timoleone 3 vani ristrutturato,Catania (CT),116.000 €,Giunta Immobiliare,70 mq,"Proponiamo in vendita su via Timoleone a pochi a passi da via Spoto appartamento di tre vani totalmente e finemente ristrutturato.

L'immobile è posto a piano terra in piccolo contesto ed è composto da:

ingresso su soggiorno con angolo cottura
piccolo disimpegno
camera da letto con cabina armadio
cameretta
servizio
L'immobile si vende completo di mobilio nuovo.Euro 116.000 CL G SUB 7123",,0,,1,Giunta Immobiliare,"Corso Sicilia, 56, 95131 Catania CT, Italia",http://www.giuntaimmobiliare.it,406 annunci online,511769742
Subito - L'IMMOBILIARE.COM - Pressi via copernico panoramico quadrivano - Appartamenti In vendita a Cagliari,,,,1/1,ID: 531461908,Pressi via copernico panoramico quadrivano,,356.000 €,,,"Via Copernico 'pressi',
in condominio signorile Vi proponiamo un panoramico quadrivano composto da un ampio salone con vista mare, cucina abitabile, tre camere da letto e due bagni.
L'immobile si trova in un piano alto servito di ascensore ed è stato parzialmente ristrutturato. Ha una superficie di 135 mq e una bellissima esposizione solare che lo rende caldo e accogliente. Completa inoltre la proprietà un box auto.
EURO 356.000,00

Per ulteriori informazioni sui nostri immobili, per visionarli se interessati o per trovare, tra le nostre numerose offerte, la soluzione perfetta per le vostre esigenze
visitate il nostro sito
http://www.cagliarisanbenedetto.limmobiliare.com/
oppure chiamateci ai numeri 070/497965-3914736339
e-mail limmobiliaresanbenedetto@gmail.com",Buono - abitabile,3,4,,,,,,531461908
Subito - Immobiliare Collina Loris - Appartamento con terrazzo Porta Maggiore - Appartamenti In vendita a Ascoli Piceno,Marche,Ascoli Piceno (Prov),Ascoli Piceno,1/30,ID: 531459408,Appartamento con terrazzo Porta Maggiore,Ascoli Piceno (AP),168.000 €,Immobiliare Collina Loris,161 mq,"Esclusiva-
Vendesi appartamento con terrazzo, nel ricercato quartiere di Porta Maggiore/ via Milano,ubicato nelle immediate vicinanze di tutti i principali servizi quali scuole, supermercati, palestra, ufficio postale istituti di credito ecc... L' appartamento, termo autonomo e' posto al primo piano del fabbricato, gode di tripla esposizione est/sud/nord e si presenta in buone condizioni. Ingresso, soggiorno, cucina, tinello
Con caminetto, tre camere da letto, doppi servizi. Due ampi balconi e un grande terrazzo.
Completa la proprietà una cantina. Piccola palazzina servita di ascensore e composta da sole 6 unità.
Soluzione molto interessante, in zona richiesta e servitissima. Libero da subito",Buono - abitabile,,-,-,Immobiliare Collina Loris,"Corso Giuseppe Mazzini, 171, 63100 Ascoli Piceno AP, Italia",http://www.immobiliarecollinaloris.it,26 annunci online,531459408
Subito - Time Network Immobiliare - Bilocale con giardino - Zona Aci Castello - Appartamenti In vendita a Catania,Sicilia,Catania (Prov),Aci Castello,1/23,ID: 531460645,Bilocale con giardino - Zona Aci Castello,Aci Castello (CT),78.000 €,Time Network Immobiliare,40 mq,"Time Network Immobiliare - Agenzia Leopardi
Rif. L577 - 0952163077

PERFETTO PER CHI
- Predilige le soluzioni semi-indipendenti
- Vuole vivere in un'area strategica e funzionale
- Ha sempre desiderato uno spazio esterno
- Cerca un'interessante opportunità di investimento

1) E' SEMI-INDIPENDENTE
L'appartamento è semi-indipendente, posto al piano rialzato di un condominio ma con ingresso indipendente. Potrai godere pertanto della tua autonomia e di un contesto tranquillo oltre che riservato così come hai sempre desiderato.

2) DETTAGLI IMMOBILE
- Via Vampolieri
- 2 vani, 40 mq, piano rialzato
- Ingresso su sala da pranzo, cucinotto, camera e bagno con doccia
- Giardinetto di 35 mq circa
- Posto auto esterno di proprietà

3) POSIZIONE STRATEGICA
A soli 5 minuti in auto, raggiungerai lo splendido lungomare di Aci Castello, dove potrai gustare un gelato di fronte al mare e fare rilassanti passeggiate verso il pittoresco porticciolo.
La posizione è particolarmente favorevole e strategica, garantendo facilità di accesso per spostamenti pratici e veloci. Nella zona limitrofa troverai anche diversi esercizi commerciali di vario genere, che ti offriranno tutto ciò di cui hai bisogno.

4) SPAZIO ESTERNO
L 'appartamento gode di un piccolo giardinetto di circa 35 mq, che offre un gradevole rifugio con accesso direttamente dal cucinotto.

5) OPPORTUNITA' DI INVESTIMENTO
Grazie alla vicinanza con le splendide e ricercatissime località di Aci Castello e Aci Trezza, la proprietà si presta perfettamente per essere adibita a casa vacanze o piccola struttura ricettiva, assicurandoti una rendita costante per il tuo business.

NON PERDERE QUESTO APPARTAMENTO
Grazie alla sua collocazione e al contesto silenzioso e tranquillo, questa soluzione risulta essere molto richiesta. Se ti interessa prenotare la tua visita e vedere questo immobile con uno dei nostri agenti, contattaci subito ai nostri recapiti o inviaci una mail, le nostre consulenti ti daranno tutte le informazioni che desideri.",Buono - abitabile,Rialzato,2,1,Time Network Immobiliare,"Via Messina, 244, 95127 Catania CT, Italia",http://www.timecasa.it,149 annunci online,531460645
Loft con soppalcò ristrutturato - Appartamenti In vendita a Milano,Lombardia,Milano (Prov),Milano,1/6,ID: 531461997,Loft con soppalcò ristrutturato,Milano (MI),199.000 €,,40 mq,"NO AGENZIE O AFFITTI BREVI O INTERMEDIARI
Privato vende loft con soppalco recentemente ristrutturato.
L'appartamento si compone di ingresso, bagno con grande doccia, cucina in marmo calacatta provvista di forno, forno a microonde, lavastoviglie, piano a induzione, frigo e freezer, soggiorno con divano letto e Smart tv, piccola lavanderia/sgabuzzino con lavatrice e asciugatrice, scala in muratura che porta alla zona soppalcata divisa in nicchia con letto matrimoniale e zona studio/armadio. 
L'appartamento è completamente in parquet, infissi con doppio vetro, tapparella elettronica e bagno in grès porcellanato effetto marmo verde. 
Presente aria condizionata/pompa di calore.

A pochi passa dalla fermata n. 44 direzione San Raffaele e direzione metro Gorla.
Metro rossa Gorla a 5/10 min di distanza a piedi.",,0,1,1,,,,,531461997
,Campania,Napoli (Prov),Giugliano in Campania,1/22,ID: 531458444,Appartamento con terrazzo Via P. Barracano,Giugliano in Campania (NA),138.000 €,dream immobiliare,90 mq,"Proponiamo in vendita appartamento in parco tranquillo con servizio di portierato situato al secondo piano (senza ascensore) in ottime condizioni completamente ristrutturato e composto da: ingresso in salone, cucina abitabile, 2 camere da letto di cui camera padronale con cabina armadio, 2 accessori, ripostiglio, doppia esposizione con ampie balconate, terrazzo di copertura, cantinola e posto auto.

Il prezzo di vendita richiesto è di € 138.000,00",,2,,,dream immobiliare,via san vito 7,http://www.agenziadreamimmobiliare.it,223 annunci online,531458444
Subito - dream immobiliare - Mansarda Via S. Vito - Appartamenti In vendita a Napoli,Campania,Napoli (Prov),Giugliano in Campania,1/13,ID: 531457905,Mansarda Via S. Vito,Giugliano in Campania (NA),105.000 €,dream immobiliare,90 mq,"Proponiamo in vendita mansarda in parco signorile situata al terzo piano (senza ascensore) in buone condizioni e composto da: ingresso in salone, cucina abitabile, 2 camere da letto, 2 accessori, doppia esposizione con 4 balconi e posto auto di proprietà coperto.

Il prezzo di vendita richiesto è di € 105.000,0

Attualmente l' immobile è locato con ottima rendita mensile per cui si vende sia per uso investimento che per uso proprio. Libera a Gennaio 2025",Buono - abitabile,3,,,dream immobiliare,via san vito 7,http://www.agenziadreamimmobiliare.it,223 annunci online,531457905
,Toscana,Firenze (Prov),Firenze,,ID: 531460130,Trilocale con due camere e doppi servizi a gavinan,Firenze (FI),265.000 €,Homes in Florence Real Estate,70 mq,"RIF. D266

NOSTRA ESCLUSIVA
Gavinana - Nei pressi di Piazza di Badia, in via Buia, Homes in Florence Real Estate propone in vendita gradevolissimo trilocale al piano terreno, con accesso indipendente dalla resede condominiale. L'appartamento, in ottimo stato di manutenzione, risulta così composto: ingresso sulla zona living che si compone di soggiorno e cicuna a vista, zona notte con due camere da letto matrimoniali, doppi servizi di cui uno finestrato e vano ripostiglio/lavanderia.
Pavimenti in cotto, impianto di aria condizionata e interessante divisione interna degli spazi.
Riscaldamento autonomo, nessuna spesa condominiale, immobile libero su tre lati e interno alla strada, lontano dal traffico.
Contattateci allo 055-212710 per fissare un appuntamento.
Visitate il nostro sito www.homesinflorence.it per visionare ulteriori annunci in vendita.
La nostra agenzia è aperta dal lunedì al sabato dalle 9 alle 19 (orario continuato).",Buono - abitabile,0,,,Homes in Florence Real Estate,"Via dei Velluti, 26r, 50125 Firenze FI, Italia",,38 annunci online,531460130
Subito - AOSTA CASA - Immobile con verde - Appartamenti In vendita a Aosta,Valle d'Aosta,Aosta (Prov),Quart,1/7,ID: 498466340,Immobile con verde,Quart (AO),79.000 €,AOSTA CASA,90 mq,"A Quart a pochi chilometri da Aosta proponiamo un grande appartamento. Il comune valdostano di 4051 abitanti vanta di un'ottima posizione particolarmente soleggiata, è infatti presente un'importante attività agricola, tra cui la viticoltura, che trova una fiorente produzione di vini di alta qualità. Inoltre, nome Fontina dato al celebre formaggio si crede si possa ricondurre all'alpeggio 'l'Alpe Fontin' localizzato in questo comune, dove tutt'oggi l'attività casearia è prospera.
Questo affascinante appartamento su due piani è la soluzione ideale per chi cerca un ambiente funzionale.
Al primo piano è situata la zona giorno open space con angolo cottura, bagno e balcone privato che offre un'atmosfera luminosa e accogliente, perfetta per trascorrere piacevoli momenti in compagnia. Al secondo piano mansardato troviamo una grande camera matrimoniale, una cameretta, un bagno e un ripostiglio che garantiscono tutto lo spazio di cui hai bisogno per vivere comodamente. Completa la proprietà un pezzo di verde, perfetto per godere dell'aria aperta e della tranquillità del quartiere. 
Non perdere l'opportunità di vivere in questo moderno e funzionale appartamento su due piani, pronto a soddisfare le tue esigenze di spazio e comfort. Per maggiori informazioni o per prenotare una visita contattaci al numero 0165 77.19.19!",Da ristrutturare,2,,,AOSTA CASA,"Località Grand Chemin, 200, 11020 Chef-Lieu, Aosta AO, Italia",http://www.aostaital-home.it,122 annunci online,498466340
Fondachello Trilocale piano terra con terazzo - Appartamenti In vendita a Catania,Sicilia,Catania (Prov),Mascali,1/6,ID: 531460463,Fondachello Trilocale piano terra con terazzo,Mascali (CT),87.000 €,,72 mq,"Fondachello In un contesto elegante e signorile a soli 20 m dalla magnifica spiaggia si propone in vendita un bel trilocale posto a piano terra in ottime condizioni, non necessita di alcun lavoro di manutenzione.
Composto da una salone-cucina di circa 38 mq con relativa terrazza di mq 30 dove poter pranzare e cenare fuori, disimpegno, camera matrimoniale mq 18, cameretta mq 11 e bagno mq 5.
Posto auto all interno del residence.
L immobile viene venduto ammobiliato.
Prezzo poco trattabile.
P.s. Documentazione in regola con certificato di abitabilità quindi mutuabile.",,0,,1,,,,,531460463
Subito - Di PRIMA IMMOBILIARE - CS63 - Casa singola da ristrutturare - Appartamenti In vendita a Catania,Sicilia,Catania (Prov),Pedara,1/5,ID: 531460868,CS63 - Casa singola da ristrutturare,Pedara (CT),69.000 €,Di PRIMA IMMOBILIARE,60 mq,"Cod.CS63 Pedara, zona chiesa S.Biagio vendesi casa singola di mq 60 circa con cortile esterno per due posti auto, oltre cisterna idrica. 
L'immobile è da ristrutturare. 
Prezzo € 69.000 ' Non mutuabile ' 

Per info: 3496837221 - 3405683172",Da ristrutturare,0,,-,Di PRIMA IMMOBILIARE,"Corso Ara di Giove, 123, 95030 Pedara CT, Italia",http://diprimaimmobiliare.it,119 annunci online,531460868
Policlinico- universita'-tukory-3vani piu servizi - Appartamenti In vendita a Palermo,Sicilia,Palermo (Prov),Palermo,1/6,ID: 531461639,Policlinico- universita'-tukory-3vani piu servizi,Palermo (PA),145.000 €,,100 mq,"Brava Immobiliare propone la vendita di un appartamento di 100 mq circa, posto al 6° piano con ascensore, in Via Pietro D'Aragona.

CARATTERISTICHE:
Internamente l'immobile è composto da ingresso su un comodo disimpegno, ampio soggiorno con cucina, 2 camere matrimoniali, un bagno con doccia, ripostiglio, balcone e veranda.
La casa si presenta in buono stato e data la doppia esposizione ha un'ottima luminosità ed un bellissimo panorama. Questo immobile rappresenta un'ottima soluzione abitativa o di investimento, sia per l'ampia metratura che per l'ubicazione a poche centinaia di metri dal Polo Universitario e dall'Ospedale Policlinico.

UBICAZIONE E CONTESTO:
L'immobile è ubicato all'interno di un tranquillo stabile degli anni '75 con ascensore, area video sorvegliata e video citofono esattamente in Via Pietro D'Aragona, una zona altamente strategica per muoversi in città e ricchissima di servizi di ogni genere, ottima anche per chi vuole investire data la vicinanza dell'Università di Palermo, dell'ospedale Civico e Policlinico, Piazza Indipendenza e Stazione Centrale. Il condominio si presenta molto bene ed il prospetto è stato rifatto.

PER FISSARE UN APPUNTAMENTO CONTATTACI:
IMMOBILIARE BRAVA",Buono - abitabile,,,1,,,,,531461639
Subito - Frimm Oreto - 4 Vani In Via A.Poliziano Pressi P.za Noce - Appartamenti In vendita a Palermo,Sicilia,Palermo (Prov),Palermo,1/9,ID: 531461971,4 Vani In Via A.Poliziano Pressi P.za Noce,Palermo (PA),158.000 €,Frimm Oreto,116 mq,"Appartamento di 116 mq sito in via Angelo Poliziano tra Piazza Noce e Via Tommaso Aversa, sito al piano terzo di uno stabile degli anni '70 formato da 6 piani totale. Composto da: sala d'ingresso, salone pari ad un vano, 3 camere, bagno con vasca, ripostiglio, 2 balconi su prospetto. L'immobile è facilmente personalizzabile in quanto formato da tramezzi, infissi in vetrocamera, pavimentazione in scaglie di marmo, la scala è dotata di videosorveglianza e doppio ascensore. L'edificio è dotato di ripetitore il quale produce un reddito annuo a favore del condominio. 

PER MAGGIORI INFORMAZIONI contattate l'ufficio immobiliare

FRIMM ORETO

SIAMO APERTI dal LUNEDI al SABATO
orari 9-13 / 15.30-19:30
sabato orario ridotto 9-12

CONTATTI dell'UFFICIO:

0916178003
3899119483

EMAIL: ciaoreto@inwind.it
SITO: palermocercocasa. it",Da ristrutturare,3,4,1,Frimm Oreto,"Via Oreto, 93, 90127 Palermo PA, Italia",https://www.palermocercocasa.it,77 annunci online,531461971
Subito - IMMOBILIARE DI LIBERTO - Bivani piano attico panoramico con terrazza - Appartamenti In vendita a Palermo,Sicilia,Palermo (Prov),Palermo,1/1,ID: 531462126,Bivani piano attico panoramico con terrazza,Palermo (PA),85.000 €,IMMOBILIARE DI LIBERTO,60 mq,zona noce/p.zza camporeale disponiamo di grazioso e luminoso bivani piano alto panoramico con ascensore ed ampio balcone terrazzato. ottimo anche per uso investimento. richiesta € 85000. C.E. G per maggiori info contattaci allo 091/225350 o al 393/8334584,Da ristrutturare,,-,-,IMMOBILIARE DI LIBERTO,"V.le Strasburgo, 388",http://www.immobiliarediliberto.it,106 annunci online,531462126
Subito - Quimmo - Appartamento con sottotetto e cantina - Appartamenti In vendita a Bologna,Emilia-Romagna,Bologna (Prov),Castel Guelfo di Bologna,1/10,ID: 516275055,Appartamento con sottotetto e cantina,Castel Guelfo di Bologna (BO),84.000 €,Quimmo,117 mq,"Questo immobile viene venduto tramite asta online. Appartamento al piano primo con sottotetto e cantina, sito in Castel Guelfo di Bologna (BO), Via A. Tonelli n.5/C. Posto all'interno di un maggiore fabbricato residenziale, nella lottizzazione denominata 'Comparto C3 - Via Casona', costituita da un'area a destinazione residenziale ubicata a circa 500 m, in direzione ovest, dal centro storico locale ed a circa 6 km dal casello autostradale di Castel San Pietro sulla A14. Il complesso residenziale è composto da due fabbricati speculari sorgenti su di un lotto interamente recintato.Abitazione composta da soggiorno con angolo cottura, disimpegno, due camere, bagno e terrazza; oltre a sottotetto al piano secondo con accesso diretto da scala interna (non realizzata).Si presenta priva di finiture: pavimentazioni interne al grezzo sprovviste di rivestimenti, terrazza in piastrelle di ceramica; soffitti e pareti intonacate e tinteggiate ma sprovviste di rivestimenti per bagno e angolo cottura; porte interne assenti, portoncino d'ingresso blindato; finestre in legno e vetrocamera, avvolgibili in pvc. Componente impiantistica completa al 95% ma non risulta mai stata messa in funzione. Condominio dotato di impianto solare termico.Cantina al piano terra. Porta di accesso in legno e pavimentazione in piastrelle di ceramica.Conformità urbanistica e catastale, meglio specificate in perizia (pag 39).Beni liberi.Per maggiori dettagli consultare la documentazione allegata.Bene descritto in perizia come LOTTO B2.Superfici lorde:Appartamento 75 mqTerrazza 12 mqSottotetto 75 mqCantina 3 mqSono compresi nella vendita i proporzionali diritti di comproprietà su beni comuni e parti di uso comune. Prezzo base d'asta: 84000 EURO.
Questo è un annuncio di Vendita Immobili e Aste Immobiliari Online, il sito specializzato nell'intermediazione digitale immobiliare! 
 Scopri tutti i vantaggi offerti dal network di Abilio S.p.A., un riferimento per il mercato u",-,,,1,Quimmo,"Via Galileo Galilei, 6, 48018 Faenza RA, Italia",https://www.quimmo.it/,3460 annunci online,516275055
Subito - Garofalo Immobiliare - Soluzione di 3 vani+acc. al piano rialzato - Appartamenti In vendita a Bari,Puglia,Bari (Prov),Bitonto,1/11,ID: 531460021,Soluzione di 3 vani+acc. al piano rialzato,Bitonto (BA),115.000 €,Garofalo Immobiliare,95 mq,"A Bitonto, in zona periferica, precisamente in Via Megra, proponiamo in vendita soluzione in piccolo condominio al piano rialzato di 3 vani + acc. di circa 95 mq composta da: ingresso nel disimpegno, cucina con atrio interno, salone e due comode camere da letto e bagno con sanitari standard e box doccia.
La soluzione si presenta in buone condizioni interne: l'impiantistica è a norma di legge ma non conforme alla normativa vigente.
La porta d'ingresso è in legno come anche le porte interne di colore bianco a battente mentre, le finestre montano infissi in legno e vetro complete di persiane in legno.
La pavimentazione è omogenea in tutta la soluzione in tavelloni di cemento con scaglie di marmo.
A completare l'offerta la presenza di un comodo terrazzino a livello e il doppio accesso.
L'immobile è locato con contratto regolamentato fino a Gennaio 2026, dopodichè si ritterà libero.
Perchè acquistare questo immobile? Semplicemente per le buone condizioni interne e per la presenza del terrazzino a livello. Decisamente da non perdere!
Per ulteriori informazioni a riguardo o per fissare un appuntamento di visione dello stesso, non esiti a contattarci al seguente numero: 080 99 030 70.",Buono - abitabile,Rialzato,,1,Garofalo Immobiliare,"Via Giuseppe Mazzini, 174, 70032 Bitonto BA, Italia",http://www.garofaloimmobiliare.com,,531460021
Subito - Agenzia Immobiliare 'Italia' di Bardi Michele - Appartamento a - ROSIGNANO SOLVAYRosignano Maritt - Appartamenti In vendita a Livorno,Toscana,Livorno (Prov),Rosignano Marittimo,,ID: 521054603,Appartamento a - ROSIGNANO SOLVAYRosignano Maritt,Rosignano Marittimo (LI),230.000 €,Agenzia Immobiliare 'Italia' di Bardi Michele,95 mq,"Rosignano Solvay - Rosignano Marittimo
Appartamento in vendita - 4 vani - 95 mq - posto al piano 4° - con ascensore
composto da 2 camere e 1 bagni 
 Classe energetica: In attesa di certificazione - Rif. n88
Rosignano S. NOSTRA ESCLUSIVA a 50 mt dal mare vicinissimo ai bagni Lo Scoglietto , ai bagni Liana , di fronte ai giardinetti e vicinissimo alla passeggiata lungomare vendiamo in esclusiva bellissimo appartamento con vista Mare effetto BARCA!!! con bellissimo salone d'ingresso con finestre che abbracciano il mare - una cucina abitabile con terrazzo vista mare - disimpegno notte- 2 camere matrimoniali- 1 bagno ed un ripostiglio- tutto in buone condizioni - servito da ascensore che conduce al piano interrato con grande cantina ad uso magazzino e lavanderia- termo autonomo a metano- LUMINOSISSIMO IDEALE PER VISTA E POSIZIONE!!
€ 230.000 
Rif. N88 classe energ. G",,4,4,1,Agenzia Immobiliare 'Italia' di Bardi Michele,via Aurelia 447 Rosignano Solvay (Li),http://www.agenzia-italia.it,96 annunci online,521054603
Subito - Garofalo Immobiliare - Soluzione indipendente a Palo del Colle - Appartamenti In vendita a Bari,Puglia,Bari (Prov),Palo del Colle,1/15,ID: 531461130,Soluzione indipendente a Palo del Colle,Palo del Colle (BA),78.000 €,Garofalo Immobiliare,100 mq,"A Palo del Colle, in zona semi-centrale e ricca di servizi e attività commerciali di ogni genere, precisamente in Via Cesare Cantù, proponiamo in vendita soluzione indipendente di 110 mq disposta su due livelli.
Al piano terra ritroviamo: comodo androne portone in ferro blindato da cui si accede a ampio vano e bagno con sanitari standard e box doccia.
Da una comoda scala si accede al primo piano composto da: due comode camere e bagno con sanitari standard e vasca.
Al secondo piano ritroviamo lastrico solare di 25 mq e due vani ad uso deposito di 22 mq con camino.
L'impiantistica è a norma di legge ma, non è conforme alla normativa vigente; l'impianto di riscaldamento è autonomo con caldaia e diffusori in ghisa.
La porta d'ingresso è in legno come anche le porte interne con apertura a battente.
Le finestre montano infissi in legno e vetro complete di persiane in pvc.
La pavimentazione è così delineata: in gran parte della soluzione ritroviamo i tavelloni di cemento con scaglie di marmo mentre nei bagni vi è la ceramica.
Esternamente la facciata si presenta in buone condizioni.
Perchè acquistare questo immobile? Semplicemente per l'indipendenza e la posizione centrale e la possibilità di realizzazione di un bed and breakfast.
Per ulteriori informazioni a riguardo o per fissare un appuntamento di visione dello stesso, non esiti a contattarci al seguente numero: 080 99 030 70.",Buono - abitabile,,,,Garofalo Immobiliare,"Via Giuseppe Mazzini, 174, 70032 Bitonto BA, Italia",http://www.garofaloimmobiliare.com,,531461130
Appartamento piano rialzato vendita - Appartamenti In vendita a Padova,Veneto,Padova (Prov),Selvazzano Dentro,1/6,ID: 531289023,Appartamento piano rialzato vendita,Selvazzano Dentro (PD),210.000 €,,70 mq,"Appartamento in prossimità di Selvazzano Dentro (PD), a confine con il comune di Abano Terme,Tencarola e Padova, al piano terra e con ampio giardino di mq 80 di proprietà in privato.Il residence offre di zona con due parchi, palazzina in stile moderno in tranquillo quartiere residenziale,l' unità è di 70 mq. interni, completamente arredato in vendita con cucina 2 camere da letto arredate con 2 bagni. 
Ubicazione all'interno dispone un ampio soggiorno cottura, 2 camere da letto, 2 bagni,con garage con ascesa da interno palazzina di mq.22 box auto, con giardino privato ingresso indipendente con cancelletto. -L'abitazione offre anche di una pavimentazione in parquet nelle due stanze delle camere da letto, con struttura rivestita perimetralmente da cappotto esterno in tutta abitazione a classe energetica prevista 'A4',con tutti i servizi di mezzi pubblici nelle vicinanze , negozi ed centro commerciali nelle vicinanze. Tutte le eventuali misure indicate sono da considerarsi approssimative. Si precisa che, per motivi di privacy, l'indirizzo e il puntatore della mappa sono puramente indicativi e non corrispondono esattamente all'ubicazione dell'immobile. Il Prezzo dell'immobile e possibile visionarlo e trattabile e viene venduto completamente arredato.",,Rialzato,2,,,,,,531289023
Trivano con cucina - Appartamenti In vendita a Cagliari,,,Selargius,1/6,ID: 531461304,Trivano con cucina,Selargius (CA),135.000 €,,95 mq,"SELARGIUS ZONA COMUNE
Appartamento sito al piano primo,all'interno di uno stabile di 6 unità abitative. Tipologia trivano composto da: ingresso, soggiorno, cucina abitabile, due camere da letto, altro disimpegno, bagno con doccia, tre balconi. Superficie commerciale esclusi i balconi è di 95 mq. L'immobile si presenta in buonissime condizioni d'uso poiché sono stati eseguiti di recente i lavori di ristrutturazione interna ad eccezione degli infissi esterni. 
Pompe di calore",Buono - abitabile,1,,1,,,,,531461304
Subito - dream immobiliare - Appartamento con terrazzo Via P. Barracano - Appartamenti In vendita a Napoli,Campania,Napoli (Prov),Giugliano in Campania,,ID: 531460961,Appartamento con terrazzo Via P. Barracano,Giugliano in Campania (NA),160.000 €,dream immobiliare,130 mq,"Proponiamo in vendita appartamento in parco tranquillo con servizio di portierato situato al secondo piano (senza ascensore) in ottime condizioni completamente ristrutturato circa un anno fa, e composto da: ingresso in salone, cucina abitabile, 3 camere da letto, 2 accessori, doppia esposizione con ampie balconate con ripostigli e cucinotto esterni, terrazzo di copertura, cantinola e posto auto di proprietà.

Il prezzo di vendita richiesto è di € 160.000,00",,2,4,,dream immobiliare,via san vito 7,http://www.agenziadreamimmobiliare.it,223 annunci online,531460961
Subito - Quality House Immobiliare - Appartamento - Viareggio - Appartamenti In vendita a Lucca,Toscana,Lucca (Prov),Viareggio,1/30,ID: 491430905,Appartamento - Viareggio,Viareggio (LU),600.000 €,Quality House Immobiliare,78 mq,"Rif: 31181015-478
Classe energetica: G - EPglnr: 259.45 kWh/m²
********************IMMOBILE PRENOTATO *******************IN ATTESA DI ROGITO 
RE/MAX Exclusive a Viareggio sul mare con POSTO AUTO!
In elegante palazzina si vende l'appartamento 'LEONE' 
a piano terra con giardinetto di proprietà e corte sul retro.
L'appartamento con ingresso indipendente ha ottime rifiniture come meglio potrete visionare nel ns. VIRTUAL TOUR
Si compone di ingresso- soggiorno, cucinotto, e bagno con doccia IDROMASSAGGIO
- Zona notte camera matrimoniale e camera doppia.
Dotazione :
 - impianto di aria condizionata
 - portone blindato
 - giardino privato
 - corte interna privata
 - posto auto di proprietà

COSA ASPETTI? CHIAMA E PRENOTA LA TUA VISITA!",-,,4,1,Quality House Immobiliare,"Via Aurelia Sud, 8a, 55049 Viareggio LU, Italia",http://www.remax.it/qualityhouse,222 annunci online,491430905
,Friuli-Venezia Giulia,Trieste (Prov),Trieste,,ID: 531460752,Primoingresso con ampio terrazzo di 70 mq,Trieste (TS),275.000 €,TAG SRL,69 mq,"VENDITA DIRETTA ESENTE MEDIAZIONE

In posizione centrale, a due passi dal Tribunale, in Via Fabio Severo 12-14 proponiamo in vendita grazioso trilocale di 69 mq al primo piano con finiture ricercate e di pregio.

Alloggio con ascensore al piano , composto di grande zona giorno con accesso al terrazzo di 70 mq, due ampie camere da letto, bagno finestrato con doccia .
L'appartamento in classe energetica A3 si trova in un palazzo completamente ristrutturato, con caldaia centralizzata e impianto fotovoltaico, riscaldamento a pavimento, predisposizione aria condizionata, parquet rovere senza nodi prima scelta, infissi SCHUCO.

Tutto lo stabile è stato soggetto a ristrutturazione integrale. Detrazione fiscale del 12,5 % in 10 anni sul prezzo di vendita.
Sono rimasti 9 appartamenti primoingresso e posti auto al piano interrato, per altre informazioni chiamare. Gli appartamenti sono già pronti per essere abitati.

VENDITA DIRETTA ESENTE MEDIAZIONE",Nuova costruzione,1,,1,TAG SRL,"Via Valdirivo, 23b, 34125 Trieste TS, Italia",https://affittoappartamentitrieste.it/,17 annunci online,531460752
Subito - atesinacasa - Appartamento con giardino - Appartamenti In vendita a Trento,Trentino-Alto Adige,Trento (Prov),Lavis,1/15,ID: 529313791,Appartamento con giardino,Lavis (TN),395.000 €,atesinacasa,148 mq,"LAVIS VENDIAMO IN ESCLUSIVA IN PICCOLA PALAZZINA -CAUSA TRASFERIMENTO- NUOVO E RIFINITO APPARTAMENTO TRE STANZE CON GIARDINO DI MQ 280, CON ARREDAMENTI PRESENTI.
UNITA' ABITATIVA LIBERA SU TRE LATI CON GRANDE CANTINA E GARAGE.
PER INFORMAZIONI ED EVENTUALE SOPRALLUOGO TELEFONARE ORE UFFICIO AL 348/5149604.",Nuova costruzione,0,5,,atesinacasa,"Piazza di Centa, 38122 Trento TN, Italia",,31 annunci online,529313791
Subito - L'IMMOBILIARE.COM - Quartiere la palma luminoso pentavano - Appartamenti In vendita a Cagliari,,,,1/4,ID: 531461300,Quartiere la palma luminoso pentavano,,200.000 €,,,"Nel quartiere la Palma in prossimita' dell'uscita verso il campo Rossi vicino alla fermata dell'autobus e a due passi dal mare, vi proponiamo un interessantissimo pentavano di mq. 135 al primo piano di un piccolo condominio.
L'immobile si compone da un ingresso/disimpegno, un salone con finestra e porta finestra che affaccia su un comodo balcone , soggiorno ,cucina abitabile ,bagno, servizio, tre camere da letto e ripostiglio .
Le caratteristiche vincenti dell'appartamento sono sicuramene la sua conformazione interna ben suddivisa tra zona giorno e zona notte , gode di un immensa luce solare e attualmente si trova nello statto originario del periodo costruttivo , per cui ha bisogno di interventi di ristrutturazione che lo renderebbero decisamente più accogliente e comodo.
Sicuramente è l'ideale per chi cerca un appartamento familiare dalle dimensioni generose immerso nella tranquillità del quartiere ma vicino all'asse mediano che consente tutti gli spostamenti da e per la città.
Completa la proprietà una cantina sotto i pilotis .
Euro 200.000,00

Per ulteriori informazioni sui nostri immobili, per visionarli se interessati o per trovare, tra le nostre numerose offerte, la soluzione perfetta per le vostre esigenze
visitate il nostro sito
http://www.cagliarisanbenedetto.limmobiliare.com/
oppure chiamateci ai numeri 070/497965-3914736339
e-mail limmobiliaresanbenedetto@gmail.com",Da ristrutturare,,5,,,,,,531461300
Subito - G.L. IMMOBILIARE - MONFALCONE Bicamere termo-autonomo ristrutturato - Appartamenti In vendita a Gorizia,Friuli-Venezia Giulia,Gorizia (Prov),Monfalcone,1/16,ID: 531460131,MONFALCONE Bicamere termo-autonomo ristrutturato,Monfalcone (GO),112.000 €,G.L. IMMOBILIARE,80 mq,"Proponiamo vicino a tutti i servizi un appartamento al primo piano di palazzina di pochi enti completamente ristrutturato. Composto da ingresso, soggiorno con uscita nel terrazzo, cucina defilata con veranda, disimpegno notte con accesso alle due comode camere, bagno completo, lavanderia e secondo terrazzo. Termo-autonomo!!! Clima. Arredato completamente!!! L'immobile verrà venduto con il bagno completamente ristrutturato!!!",,1,,1,G.L. IMMOBILIARE,"Via Aquileia, 51, 34074 Monfalcone GO, Italia",http://www.gl-immobiliare.it,26 annunci online,531460131
Bell'appartamento Albignasego centro 5 locali - Appartamenti In vendita a Padova,Veneto,Padova (Prov),Albignasego,1/5,ID: 531461117,Bell'appartamento Albignasego centro 5 locali,Albignasego (PD),800 €,,110 mq,"In contesto centrale ma tranquillo si affitta appartamento in bifamiliare al piano primo su due livelli composto da tre camere due bagni finestrati salone e cucina due terrazzi, garage e posto auto interno. Piccolo scoperto di pertinenza.
Abitabile da giugno classe B
Corredato solo di cucina
PER INFO e visione LASCIARE RECAPITI VIA SUBITO
Solo REFERENZIATI 
No agenzie grazie",,1,5,,,,,,531461117
Subito - Agenzie Immobiliari Espansione - PE 272 Appartamento Pescara centro - Appartamenti In vendita a Pescara,Abruzzo,Pescara (Prov),Pescara,1/10,ID: 530415192,PE 272 Appartamento Pescara centro,Pescara (PE),360.000 €,Agenzie Immobiliari Espansione,180 mq,"Vendesi in contrada San Giovanni, sulla prima collina del comune di Montesilvano, a pochi minuti d'auto dai centri urbani, da tutti i principali servizi e dal mare, villa singola di mq. 160 circa comm di recente costruzione in stile country, con tetto coibentato in legno lamellare ventilato a vista e finiture di pregio. L'immobile si sviluppa su 2 livelli ed è così composto: piano terra ingresso-soggiorno, cucina abitabile, bagno, ripostiglio e taverna; al piano primo 3 camere, cabina armadio, disimpegno, bagno e balconi. La soluzione si presenta con ottime finiture e stato conservativo pari al nuovo ed è dotato di infissi in alluminio con vetro camera, impianto elettrico in domotica, quattro unità di climatizzazione, termoautonomo con caldaia a gas e stufa a pallet (possibilità di installazione di camino), impianto di allarme con videosorveglianza. Tra le altre caratteristiche: impianto di irrigazione giardino, graziosa tettoia in legno in giardino attrezzata con barbecue per bellissime serate conviviali. Corte esterna recintata con cancello automatizzato di circa 200 mq. Classe energetica 'D'. Prezzo richiesto EURO 280.000, 00. Per questo annuncio rivolgersi: Agenzia Immobiliare Espansione sede di Montesilvano, c. so Umberto I, 496 Tel. 0854458995 ; mob. 3289211433",Buono - abitabile,2,5,,Agenzie Immobiliari Espansione,"Viale Alcione, 41 e Viale Nettuno, 83",http://www.espansioneimmobiliare.com,84 annunci online,530415192
Palazzina 2 piani - Appartamenti In vendita a Sassari,,Sassari (Prov),Sassari,1/6,ID: 531460595,Palazzina 2 piani,Sassari (SS),150.000 €,,250 mq,"Vendo casa indipendente, ingresso 35mq. , primo piano 120 mq, n' 7 stanze,due bagni,due terrazzini, secondo piano Mansardato mq, 90 da rifinire, con 1 terrazzo panoramico di mt. lineari 16 ,con lavandino forno pizza o arrosto e un cavelio da 16 mt. possibilita' di dividere X due appartamenti . prezzo 160.000 euro trattabili. 3926812080. Ubicazione; via delle Concie 51,con tutti i Servizi a portata di persona, ad un passo dall'uscita della Citta', Trenino di Superfice,Ospedali, Supermercati, Officine Auto / Moto .",Buono - abitabile,0,7,,,,,,531460595
Subito - Immobi3 di Paolo Novelli & c. - s.a.s - P.le Camerino valido bilocale uso investimento - Appartamenti In vendita a Ancona,Marche,Ancona (Prov),Ancona,1/6,ID: 531459872,P.le Camerino valido bilocale uso investimento,Ancona (AN),57.000 €,Immobi3 di Paolo Novelli & c. - s.a.s,52 mq,"A4550 - P. LE CAMERINO - Nelle immediate vicinanze di Piazzale Camerino proponiamo in vendita bilocale di 52 mq, in buone condizioni generali, posto al piano primo ed ultimo, senza ascensore, composto da:
ampio ingresso con ripostiglio, sala con cucina a vista, camera da letto matrimoniale, bagno finestrato con box doccia.
Soluzione valida sia ad uso abitativo che ad uso investimento.
Nessuna spesa di condominio. 
Riscaldamento autonomo. 
Richiesta: 57.000 € trattabili.
Per informazioni: 3311124080",Buono - abitabile,1,2,1,Immobi3 di Paolo Novelli & c. - s.a.s,"Via Giacomo Matteotti, 79, 60121 Ancona, Italia",http://www.immobi3.it,29 annunci online,531459872
,Sicilia,Palermo (Prov),Palermo,1/30,ID: 531460723,4 vani 120 mq con Spazio Esterno di 80 mq P. Auto,Palermo (PA),250.000 €,Imprendocasa Via Libertà 38,120 mq,"Appartamento 4 vani di 120 mq con spazioso Giardino privato di 80 mq complessivi e Posto Auto, situato in una posizione strategica tra viale Strasburgo e via Belgio, nella rinomata Via Monti Iblei. 
L'immobile è ubicato al piano rialzato con una tranquilla villetta antistante pari a 65 mq e uno spazio esterno retrostante pari a 15 mq.
La casa è composta da: doppio ingresso, 4 stanze, cucina con annessa veranda ed accesso allo spazio esterno di retro-prospetto, 2 servizi, balcone, spazio esterno antistante.
Ideale per ospitare una famiglia con il sogno di abitare in piena città, in una zona residenziale con la possibilità di godere di ampi spazi verdi e di avere un amico a quattro zampe. La sua posizione ideale nelle vicinanze di Resuttana, San Lorenzo, Strasburgo e De Gasperi offre comodità e servizi a portata di mano. Peg. T 5175
Non perdere l'opportunità di vivere in questa splendida casa che unisce comfort, spazio e natura in un unico luogo! 
ausonia, briuccia, europa, liguria, emilia, mazara, empedocle, restivo, valdemone, aldisio, nebrodi, villa, sofia, sciuti.",Buono - abitabile,0,4,,Imprendocasa Via Libertà 38,Via della Libertà 38,http://www.imprendocasa.it,71 annunci online,531460723
